{
  "val_accuracy": 0.863586115410126,
  "val_f1": 0.8420336740075813,
  "val_auroc": 0.8736642059438599,
  "test_accuracy": 0.8542841348811498,
  "test_f1": 0.8300149470225037,
  "test_auroc": 0.8766547162447065
}