{
  "val_accuracy": 0.8152,
  "val_f1": 0.8150788100489537,
  "val_auroc": 0.9011094400000002,
  "test_accuracy": 0.8152,
  "test_f1": 0.8151169061422966,
  "test_auroc": 0.8998621599999999
}