{
  "val_accuracy": 0.8518682290515145,
  "val_f1": 0.8293701244143161,
  "val_auroc": 0.8679588403161285,
  "test_accuracy": 0.8537313432835821,
  "test_f1": 0.8308273891017188,
  "test_auroc": 0.8661535823109511
}