{
  "val_accuracy": 0.8425823568428035,
  "val_f1": 0.7960249397513196,
  "val_auroc": 0.8564240256540238,
  "test_accuracy": 0.8455500276395799,
  "test_f1": 0.7980355398065901,
  "test_auroc": 0.8622288140096205
}