{
  "val_accuracy": 0.841919080256467,
  "val_f1": 0.8089997725378637,
  "val_auroc": 0.8003663902354302,
  "test_accuracy": 0.8375898286346047,
  "test_f1": 0.8029497889798068,
  "test_auroc": 0.7991311421264643
}