{
  "val_accuracy": 0.8192,
  "val_f1": 0.8191943299341867,
  "val_auroc": 0.9031430400000001,
  "test_accuracy": 0.8166,
  "test_f1": 0.8165991123397038,
  "test_auroc": 0.8960277600000001
}