{
  "val_accuracy": 0.8468,
  "val_f1": 0.8467997793916824,
  "val_auroc": 0.92393728,
  "test_accuracy": 0.838,
  "test_f1": 0.8379990668746252,
  "test_auroc": 0.91547712
}