{
  "val_accuracy": 0.8764,
  "val_f1": 0.8763976070576726,
  "val_auroc": 0.94648,
  "test_accuracy": 0.8692,
  "test_f1": 0.8691992465876603,
  "test_auroc": 0.94200592
}