{
  "val_accuracy": 0.8430245412336944,
  "val_f1": 0.8005360699107508,
  "val_auroc": 0.8073138254684811,
  "test_accuracy": 0.8462133775566612,
  "test_f1": 0.8039014947474794,
  "test_auroc": 0.8051683441919237
}