{
  "val_rmse": 0.6175319565298063,
  "val_mae": 0.45087655870540194,
  "test_rmse": 0.641397125636613,
  "test_mae": 0.4636667249146287
}