{
  "val_rmse": 0.4854530991720072,
  "val_mae": 0.3640179591698455,
  "test_rmse": 0.48933557256806554,
  "test_mae": 0.36438358168136514
}