{
  "val_accuracy": 0.8412558036701304,
  "val_f1": 0.783485065842229,
  "val_auroc": 0.7987374204489454,
  "test_accuracy": 0.8402432283029297,
  "test_f1": 0.7816903892677861,
  "test_auroc": 0.7971871169873286
}