{
  "val_accuracy": 0.856068980764979,
  "val_f1": 0.844424639641635,
  "val_auroc": 0.8792809657819268,
  "test_accuracy": 0.8512990602542841,
  "test_f1": 0.8376705531237115,
  "test_auroc": 0.8776462352640247
}