{
  "val_rmse": 0.5728379321625541,
  "val_mae": 0.41737475180711475,
  "test_rmse": 0.5808985331852692,
  "test_mae": 0.4285306074112573
}