{
  "val_accuracy": 0.8444,
  "val_f1": 0.8443993775975105,
  "val_auroc": 0.92480096,
  "test_accuracy": 0.8442,
  "test_f1": 0.8441528157064833,
  "test_auroc": 0.92351824
}