{
  "val_rmse": 0.4859579862422195,
  "val_mae": 0.3656179386537929,
  "test_rmse": 0.4877649548340531,
  "test_mae": 0.3641048436793284
}