{
  "val_accuracy": 0.8452354631881495,
  "val_f1": 0.8060256918231216,
  "val_auroc": 0.8239500037419177,
  "test_accuracy": 0.8467661691542289,
  "test_f1": 0.8062716449124558,
  "test_auroc": 0.8162147319416615
}