{
  "val_accuracy": 0.814,
  "val_f1": 0.813707864124205,
  "val_auroc": 0.90207136,
  "test_accuracy": 0.8114,
  "test_f1": 0.8109004064377925,
  "test_auroc": 0.89775928
}