{
  "val_rmse": 0.4556163678010263,
  "val_mae": 0.340908075561915,
  "test_rmse": 0.4559305244157892,
  "test_mae": 0.34327580752866627
}