{
  "val_accuracy": 0.814,
  "val_f1": 0.8139397164681357,
  "val_auroc": 0.8978963200000001,
  "test_accuracy": 0.8244,
  "test_f1": 0.8243876087896762,
  "test_auroc": 0.90431088
}