{
  "val_rmse": 0.47733814508265554,
  "val_mae": 0.3565962180657537,
  "test_rmse": 0.4777326530641215,
  "test_mae": 0.35530125957777564
}