{
  "val_accuracy": 0.861817377846562,
  "val_f1": 0.8387222312762367,
  "val_auroc": 0.8759995509698628,
  "test_accuracy": 0.8548369264787176,
  "test_f1": 0.8290730831595785,
  "test_auroc": 0.8772109148560239
}