{
  "val_accuracy": 0.843687817820031,
  "val_f1": 0.7975925827717404,
  "val_auroc": 0.8251823655415966,
  "test_accuracy": 0.8426755113322277,
  "test_f1": 0.7935687209448563,
  "test_auroc": 0.8293133570811854
}