{
  "val_accuracy": 0.816,
  "val_f1": 0.8159942295790397,
  "val_auroc": 0.9025718399999999,
  "test_accuracy": 0.8156,
  "test_f1": 0.8155551134924195,
  "test_auroc": 0.8974452
}