{
  "val_rmse": 0.45302834352340704,
  "val_mae": 0.33682010636691656,
  "test_rmse": 0.44840458438874325,
  "test_mae": 0.33690018634580704
}