{
  "val_accuracy": 0.8660181295600266,
  "val_f1": 0.8446233167221366,
  "val_auroc": 0.8774227152767677,
  "test_accuracy": 0.8548369264787176,
  "test_f1": 0.8292475743341874,
  "test_auroc": 0.8788610192817283
}