{
  "val_rmse": 0.6702851297722577,
  "val_mae": 0.5180312133933415,
  "test_rmse": 0.6736849765642281,
  "test_mae": 0.5217097575191771
}