{
  "val_accuracy": 0.8184,
  "val_f1": 0.8176717371594318,
  "val_auroc": 0.90668416,
  "test_accuracy": 0.8192,
  "test_f1": 0.8185897358714717,
  "test_auroc": 0.9013695199999999
}