{
  "val_accuracy": 0.8428,
  "val_f1": 0.8427001082767601,
  "val_auroc": 0.9223999999999999,
  "test_accuracy": 0.8386,
  "test_f1": 0.8385576310646967,
  "test_auroc": 0.9202691999999999
}