{
  "val_rmse": 0.5024780437765383,
  "val_mae": 0.37263768838140415,
  "test_rmse": 0.5052769109045836,
  "test_mae": 0.37968980987017303
}