{
  "val_accuracy": 0.8339597612204289,
  "val_f1": 0.7588787910860881,
  "val_auroc": 0.8632985640919918,
  "test_accuracy": 0.834383637368712,
  "test_f1": 0.7597052211884918,
  "test_auroc": 0.8644151251422604
}