{
  "val_rmse": 0.4679726221280794,
  "val_mae": 0.35199509163860115,
  "test_rmse": 0.4623100858145064,
  "test_mae": 0.34855409838799284
}