{
  "val_rmse": 0.46524077648666184,
  "val_mae": 0.34566478325801825,
  "test_rmse": 0.4650487497937197,
  "test_mae": 0.3471611684851717
}