{
  "val_accuracy": 0.8478885695334955,
  "val_f1": 0.8076900071981155,
  "val_auroc": 0.832347255620996,
  "test_accuracy": 0.8468767274737424,
  "test_f1": 0.8042442031589151,
  "test_auroc": 0.8355676014992959
}