{
  "val_accuracy": 0.860490824673889,
  "val_f1": 0.8337941250144129,
  "val_auroc": 0.8745703854740163,
  "test_accuracy": 0.8587064676616916,
  "test_f1": 0.8339261545952893,
  "test_auroc": 0.873113677763689
}