{
  "val_accuracy": 0.8487729383152774,
  "val_f1": 0.8035199663535434,
  "val_auroc": 0.8190883346771289,
  "test_accuracy": 0.8440022111663903,
  "test_f1": 0.7977978311273255,
  "test_auroc": 0.8103228573400653
}