{
  "val_accuracy": 0.868,
  "val_f1": 0.8679726228030646,
  "val_auroc": 0.94309184,
  "test_accuracy": 0.8712,
  "test_f1": 0.8711925600822704,
  "test_auroc": 0.9443393599999999
}