{
  "val_accuracy": 0.8772,
  "val_f1": 0.8771943214654245,
  "val_auroc": 0.947024,
  "test_accuracy": 0.865,
  "test_f1": 0.8649859531385646,
  "test_auroc": 0.9410376
}