{
  "val_accuracy": 0.8450143709927039,
  "val_f1": 0.8029392221178641,
  "val_auroc": 0.8399733547211,
  "test_accuracy": 0.8449972360420122,
  "test_f1": 0.8007431555595123,
  "test_auroc": 0.8310082115974934
}