{
  "val_accuracy": 0.8514260446606234,
  "val_f1": 0.8263344593449619,
  "val_auroc": 0.8696838291256761,
  "test_accuracy": 0.8537313432835821,
  "test_f1": 0.827150091931263,
  "test_auroc": 0.8683907337832114
}