{
  "val_rmse": 0.5040050262487972,
  "val_mae": 0.379166514364127,
  "test_rmse": 0.4999018737406237,
  "test_mae": 0.3735105204355791
}