{
  "val_accuracy": 0.8377183285430024,
  "val_f1": 0.7978356924497689,
  "val_auroc": 0.7960317667641448,
  "test_accuracy": 0.8338308457711443,
  "test_f1": 0.793055809583652,
  "test_auroc": 0.7937782986951156
}