{
  "val_accuracy": 0.8363917753703294,
  "val_f1": 0.8237564977112602,
  "val_auroc": 0.8502113830551841,
  "test_accuracy": 0.839690436705362,
  "test_f1": 0.8301118365690464,
  "test_auroc": 0.8522333914054758
}