{
  "val_accuracy": 0.854300243201415,
  "val_f1": 0.8330426922685145,
  "val_auroc": 0.8587173623574365,
  "test_accuracy": 0.8495301271420674,
  "test_f1": 0.8264701009428054,
  "test_auroc": 0.8622898488965087
}