{
  "val_accuracy": 0.8465620163608225,
  "val_f1": 0.805031031715579,
  "val_auroc": 0.8394655482333208,
  "test_accuracy": 0.8456605859590934,
  "test_f1": 0.8012046864443298,
  "test_auroc": 0.840587378920995
}