{
  "val_accuracy": 0.8728,
  "val_f1": 0.8727934056101468,
  "val_auroc": 0.94662464,
  "test_accuracy": 0.8618,
  "test_f1": 0.8617867259971649,
  "test_auroc": 0.9390011200000001
}