{
  "val_rmse": 0.5230256592684801,
  "val_mae": 0.3977021358643331,
  "test_rmse": 0.5278180656521435,
  "test_mae": 0.3981441151396321
}