{
  "val_rmse": 0.5040522958564516,
  "val_mae": 0.377603835708361,
  "test_rmse": 0.5051541037714301,
  "test_mae": 0.3831212755855855
}