{
  "val_accuracy": 0.859164271501216,
  "val_f1": 0.8367545684450629,
  "val_auroc": 0.8739261401905978,
  "test_accuracy": 0.8524046434494196,
  "test_f1": 0.8269143628690585,
  "test_auroc": 0.8733450630940971
}