{
  "val_rmse": 0.5228430842799315,
  "val_mae": 0.39570347264053113,
  "test_rmse": 0.5230731951754803,
  "test_mae": 0.3959010119454565
}