{
  "val_accuracy": 0.8478885695334955,
  "val_f1": 0.8007515647192676,
  "val_auroc": 0.8067765425526658,
  "test_accuracy": 0.84212271973466,
  "test_f1": 0.7934832028649443,
  "test_auroc": 0.8016986675417794
}