{
  "val_rmse": 0.4879390969651012,
  "val_mae": 0.3671091356827125,
  "test_rmse": 0.48586965826741957,
  "test_mae": 0.36898273354732863
}