{
  "val_accuracy": 0.8483307539243865,
  "val_f1": 0.8029454633311852,
  "val_auroc": 0.8505266219801664,
  "test_accuracy": 0.8454394693200663,
  "test_f1": 0.7989187331411185,
  "test_auroc": 0.8521692231296008
}