{
  "val_accuracy": 0.850320583683396,
  "val_f1": 0.821866323534484,
  "val_auroc": 0.8665556211371758,
  "test_accuracy": 0.8517412935323383,
  "test_f1": 0.8206198470944835,
  "test_auroc": 0.8631058540003139
}