{
  "val_accuracy": 0.842803449038249,
  "val_f1": 0.7873595613064692,
  "val_auroc": 0.8196374434652701,
  "test_accuracy": 0.840685461580984,
  "test_f1": 0.7864671310596371,
  "test_auroc": 0.805248532470648
}