{
  "val_rmse": 0.4312502971540084,
  "val_mae": 0.31911784380969227,
  "test_rmse": 0.4288465635499165,
  "test_mae": 0.3149557773924977
}