{
  "val_rmse": 0.5095254815134425,
  "val_mae": 0.38451427266161703,
  "test_rmse": 0.5091682655340595,
  "test_mae": 0.38382250377007543
}