{
  "val_rmse": 0.5062238336803742,
  "val_mae": 0.37978108383568343,
  "test_rmse": 0.5026675517517156,
  "test_mae": 0.3805682455493648
}