{
  "val_rmse": 0.4527893526114823,
  "val_mae": 0.33879006187587546,
  "test_rmse": 0.45609189822191953,
  "test_mae": 0.3444410169957276
}