{
  "val_accuracy": 0.8412558036701304,
  "val_f1": 0.7838125964819637,
  "val_auroc": 0.836448715251351,
  "test_accuracy": 0.8391376451077943,
  "test_f1": 0.7796753408431402,
  "test_auroc": 0.8425028946335726
}