{
  "val_accuracy": 0.8523104134424054,
  "val_f1": 0.8305236473715846,
  "val_auroc": 0.8658079435972963,
  "test_accuracy": 0.8531785516860144,
  "test_f1": 0.8309605302332691,
  "test_auroc": 0.862938504549063
}