{
  "val_accuracy": 0.8386026973247844,
  "val_f1": 0.7788571404539466,
  "val_auroc": 0.7502811733524617,
  "test_accuracy": 0.838253178551686,
  "test_f1": 0.7749814440514511,
  "test_auroc": 0.7499878636342052
}