{
  "val_accuracy": 0.866,
  "val_f1": 0.8659989494317637,
  "val_auroc": 0.94203712,
  "test_accuracy": 0.873,
  "test_f1": 0.8729997510795121,
  "test_auroc": 0.9444228800000001
}