{
  "val_accuracy": 0.863586115410126,
  "val_f1": 0.8420336740075813,
  "val_auroc": 0.873587249520964,
  "test_accuracy": 0.8542841348811498,
  "test_f1": 0.830099318471185,
  "test_auroc": 0.8766667202137834
}