{
  "val_accuracy": 0.8732,
  "val_f1": 0.8731852083226987,
  "val_auroc": 0.94537472,
  "test_accuracy": 0.8622,
  "test_f1": 0.862183324182226,
  "test_auroc": 0.9393521600000001
}