{
  "val_rmse": 0.5812090926811101,
  "val_mae": 0.43613697645668925,
  "test_rmse": 0.5743840087520934,
  "test_mae": 0.43487953598518
}