{
  "val_accuracy": 0.8784,
  "val_f1": 0.8783688624287818,
  "val_auroc": 0.95048896,
  "test_accuracy": 0.8782,
  "test_f1": 0.8781841688145793,
  "test_auroc": 0.95231856
}