{
  "val_rmse": 0.49853533167926395,
  "val_mae": 0.3729999299610387,
  "test_rmse": 0.499581225431686,
  "test_mae": 0.3785347733974474
}