{
  "val_rmse": 0.4925369760746895,
  "val_mae": 0.3715055577730197,
  "test_rmse": 0.4963710860282526,
  "test_mae": 0.3717617519804705
}