{
  "val_rmse": 0.4904064806556231,
  "val_mae": 0.3690345141780856,
  "test_rmse": 0.486825682952995,
  "test_mae": 0.3639416315943237
}