{
  "val_accuracy": 0.8441300022109219,
  "val_f1": 0.7956878154764029,
  "val_auroc": 0.7757916980258207,
  "test_accuracy": 0.8401326699834163,
  "test_f1": 0.7894306578900293,
  "test_auroc": 0.7680981017311664
}