{
  "val_accuracy": 0.850320583683396,
  "val_f1": 0.8089541758017383,
  "val_auroc": 0.8324821058666211,
  "test_accuracy": 0.8458817025981205,
  "test_f1": 0.8029085082912061,
  "test_auroc": 0.8231660450787877
}