{
  "val_accuracy": 0.8456776475790405,
  "val_f1": 0.794716557936933,
  "val_auroc": 0.8242008181385583,
  "test_accuracy": 0.8417910447761194,
  "test_f1": 0.789472085431688,
  "test_auroc": 0.8205445900671039
}