{
  "val_accuracy": 0.8399292504974575,
  "val_f1": 0.7888674749472496,
  "val_auroc": 0.8433424927950431,
  "test_accuracy": 0.8395798783858486,
  "test_f1": 0.7875883012908741,
  "test_auroc": 0.8498613276778164
}