{
  "val_accuracy": 0.8461198319699315,
  "val_f1": 0.803718591998127,
  "val_auroc": 0.8030925185648545,
  "test_accuracy": 0.843338861249309,
  "test_f1": 0.7982805899687776,
  "test_auroc": 0.7949487739446084
}