{
  "val_accuracy": 0.8752,
  "val_f1": 0.8751935300325969,
  "val_auroc": 0.9470912,
  "test_accuracy": 0.8784,
  "test_f1": 0.8783929759782925,
  "test_auroc": 0.9490903999999999
}