{
  "val_accuracy": 0.848109661728941,
  "val_f1": 0.8011777130945426,
  "val_auroc": 0.8071149037056281,
  "test_accuracy": 0.8423438363736871,
  "test_f1": 0.7939134855214509,
  "test_auroc": 0.8017355179615566
}