{
  "val_rmse": 0.4633294486704241,
  "val_mae": 0.3466024689940071,
  "test_rmse": 0.4571294764732051,
  "test_mae": 0.3420041384949711
}