{
  "val_accuracy": 0.8752,
  "val_f1": 0.8751935300325969,
  "val_auroc": 0.9468179200000001,
  "test_accuracy": 0.8656,
  "test_f1": 0.8655913978494624,
  "test_auroc": 0.93866256
}