{
  "val_accuracy": 0.848994030510723,
  "val_f1": 0.8288644637064861,
  "val_auroc": 0.8540689120056255,
  "test_accuracy": 0.844555002763958,
  "test_f1": 0.8268980242031452,
  "test_auroc": 0.8557347991356438
}