{
  "val_accuracy": 0.855184611983197,
  "val_f1": 0.8441760325409391,
  "val_auroc": 0.8753837230811374,
  "test_accuracy": 0.8505251520176893,
  "test_f1": 0.836403617192139,
  "test_auroc": 0.8723649743247458
}