{
  "val_rmse": 0.49857781084695446,
  "val_mae": 0.37553040280745864,
  "test_rmse": 0.4974106921374553,
  "test_mae": 0.37360373055738666
}