{
  "val_accuracy": 0.8374972363475569,
  "val_f1": 0.7895764474359678,
  "val_auroc": 0.8148707343902015,
  "test_accuracy": 0.8381426202321725,
  "test_f1": 0.7889974358244956,
  "test_auroc": 0.8091735214331749
}