{
  "val_accuracy": 0.8390448817156755,
  "val_f1": 0.7784408497058138,
  "val_auroc": 0.7333643512432345,
  "test_accuracy": 0.8383637368711996,
  "test_f1": 0.7762861828080706,
  "test_auroc": 0.7325317977197049
}