{
  "val_accuracy": 0.842,
  "val_f1": 0.8418724606518634,
  "val_auroc": 0.9238486399999999,
  "test_accuracy": 0.8336,
  "test_f1": 0.8335251795566999,
  "test_auroc": 0.91066304
}