{
  "val_accuracy": 0.842,
  "val_f1": 0.8418651679167726,
  "val_auroc": 0.9254,
  "test_accuracy": 0.8472,
  "test_f1": 0.8471765018589258,
  "test_auroc": 0.92463952
}