{
  "val_accuracy": 0.847225292947159,
  "val_f1": 0.8016426447377653,
  "val_auroc": 0.8404072053804542,
  "test_accuracy": 0.8441127694859039,
  "test_f1": 0.7976021609504085,
  "test_auroc": 0.8324347420991377
}