{
  "val_accuracy": 0.806,
  "val_f1": 0.805130445278138,
  "val_auroc": 0.89653376,
  "test_accuracy": 0.8178,
  "test_f1": 0.8171807473145336,
  "test_auroc": 0.90239144
}