{
  "val_rmse": 0.5036640498095462,
  "val_mae": 0.3796644252752459,
  "test_rmse": 0.5029340613537011,
  "test_mae": 0.3783965768658316
}