{
  "val_accuracy": 0.8500994914879505,
  "val_f1": 0.8249587225248689,
  "val_auroc": 0.8504186005792205,
  "test_accuracy": 0.844555002763958,
  "test_f1": 0.8153945689187675,
  "test_auroc": 0.8553612638625983
}