{
  "val_accuracy": 0.8461198319699315,
  "val_f1": 0.8250513237567887,
  "val_auroc": 0.8567060815342709,
  "test_accuracy": 0.8486456605859591,
  "test_f1": 0.8274089272361446,
  "test_auroc": 0.8537709144888437
}