{
  "val_accuracy": 0.8716,
  "val_f1": 0.8715965279701162,
  "val_auroc": 0.9426112,
  "test_accuracy": 0.871,
  "test_f1": 0.8709967749193729,
  "test_auroc": 0.94563296
}