{
  "val_accuracy": 0.8485518461198319,
  "val_f1": 0.8031001183002567,
  "val_auroc": 0.8188848237697917,
  "test_accuracy": 0.8437810945273632,
  "test_f1": 0.7975112228085832,
  "test_auroc": 0.8099961022406291
}