{
  "val_rmse": 0.8386566680933243,
  "val_mae": 0.5938787439278024,
  "test_rmse": 0.8631011745649948,
  "test_mae": 0.6114943848095176
}