{
  "val_rmse": 0.48628678092854477,
  "val_mae": 0.3631102850171941,
  "test_rmse": 0.487071100852539,
  "test_mae": 0.3680272864849153
}