{
  "val_accuracy": 0.8383816051293389,
  "val_f1": 0.785773910808544,
  "val_auroc": 0.8039047971386332,
  "test_accuracy": 0.838253178551686,
  "test_f1": 0.7833645508415741,
  "test_auroc": 0.8143861567404139
}