{
  "val_rmse": 0.49426336435465873,
  "val_mae": 0.373694564002669,
  "test_rmse": 0.4934199651793696,
  "test_mae": 0.37778424544989897
}