{
  "val_rmse": 0.4269591382884058,
  "val_mae": 0.31306367744071567,
  "test_rmse": 0.4271638715331455,
  "test_mae": 0.31212958933643586
}