{
  "val_accuracy": 0.8341808534158744,
  "val_f1": 0.7606593671330066,
  "val_auroc": 0.7738508429199384,
  "test_accuracy": 0.8351575456053068,
  "test_f1": 0.7615550438499873,
  "test_auroc": 0.7711723976498346
}