{
  "val_accuracy": 0.8467831085562679,
  "val_f1": 0.805435514659684,
  "val_auroc": 0.8396266978069539,
  "test_accuracy": 0.8458817025981205,
  "test_f1": 0.8018801418330672,
  "test_auroc": 0.8409089705484385
}