{
  "val_accuracy": 0.8756,
  "val_f1": 0.8755995023980097,
  "val_auroc": 0.9454867200000001,
  "test_accuracy": 0.861,
  "test_f1": 0.8609993272367439,
  "test_auroc": 0.9388084800000001
}