{
  "val_accuracy": 0.8208,
  "val_f1": 0.8205462955307695,
  "val_auroc": 0.8985465600000001,
  "test_accuracy": 0.815,
  "test_f1": 0.8148031802278188,
  "test_auroc": 0.9003483199999999
}