{
  "val_accuracy": 0.8339597612204289,
  "val_f1": 0.7584559901925155,
  "val_auroc": 0.8734711088643914,
  "test_accuracy": 0.8341625207296849,
  "test_f1": 0.7589632912956803,
  "test_auroc": 0.8681964195337765
}