{
  "val_accuracy": 0.839708158302012,
  "val_f1": 0.8213480369061662,
  "val_auroc": 0.826836752128304,
  "test_accuracy": 0.8373687119955777,
  "test_f1": 0.8211049714130847,
  "test_auroc": 0.8315098186288536
}