{
  "val_rmse": 0.5432610850770745,
  "val_mae": 0.40424992454115677,
  "test_rmse": 0.5381338079112451,
  "test_mae": 0.39896188639860536
}