{
  "val_accuracy": 0.8528,
  "val_f1": 0.8527864327976465,
  "val_auroc": 0.9295014400000001,
  "test_accuracy": 0.8372,
  "test_f1": 0.8371895801331284,
  "test_auroc": 0.9154476
}