{
  "val_accuracy": 0.837939420738448,
  "val_f1": 0.7965067369075248,
  "val_auroc": 0.837445265626743,
  "test_accuracy": 0.840685461580984,
  "test_f1": 0.800139871056118,
  "test_auroc": 0.8298662457745587
}