{
  "val_accuracy": 0.844572186601813,
  "val_f1": 0.8005872605140392,
  "val_auroc": 0.835487289481822,
  "test_accuracy": 0.8441127694859039,
  "test_f1": 0.7971927136831023,
  "test_auroc": 0.8388390361307113
}