{
  "val_accuracy": 0.8441300022109219,
  "val_f1": 0.802566285990046,
  "val_auroc": 0.8346280604298546,
  "test_accuracy": 0.8458817025981205,
  "test_f1": 0.8034155200275491,
  "test_auroc": 0.8275211468450834
}