{
  "val_accuracy": 0.8366128675657749,
  "val_f1": 0.774918613407927,
  "val_auroc": 0.8488660576989604,
  "test_accuracy": 0.8390270867882809,
  "test_f1": 0.7782452453426711,
  "test_auroc": 0.8540671742109553
}