{
  "val_accuracy": 0.8468,
  "val_f1": 0.8467980145022681,
  "val_auroc": 0.92647904,
  "test_accuracy": 0.8358,
  "test_f1": 0.8357988900004962,
  "test_auroc": 0.91538104
}