{
  "val_accuracy": 0.8425823568428035,
  "val_f1": 0.7965677652423687,
  "val_auroc": 0.8584187149548216,
  "test_accuracy": 0.8410171365395246,
  "test_f1": 0.7933048603679091,
  "test_auroc": 0.8594340516943868
}