{
  "val_rmse": 0.5372404031015153,
  "val_mae": 0.4123130969508091,
  "test_rmse": 0.5271385682905725,
  "test_mae": 0.4039754477610402
}