{
  "val_accuracy": 0.8408136192792395,
  "val_f1": 0.8002386406335508,
  "val_auroc": 0.8439323743668745,
  "test_accuracy": 0.843338861249309,
  "test_f1": 0.8015023105739346,
  "test_auroc": 0.8407619219272444
}