{
  "val_accuracy": 0.8456776475790405,
  "val_f1": 0.8359348373494697,
  "val_auroc": 0.8597363289385802,
  "test_accuracy": 0.844555002763958,
  "test_f1": 0.8332970796327799,
  "test_auroc": 0.8581146301374118
}