{
  "val_rmse": 0.49442616701843684,
  "val_mae": 0.3722358662845449,
  "test_rmse": 0.4927853296690026,
  "test_mae": 0.36951978479730113
}