{
  "val_accuracy": 0.848109661728941,
  "val_f1": 0.8009042967833883,
  "val_auroc": 0.7927775338078744,
  "test_accuracy": 0.8420121614151465,
  "test_f1": 0.7928411990972815,
  "test_auroc": 0.7915213759796695
}