{
  "val_rmse": 0.4734216758934835,
  "val_mae": 0.3558778746345478,
  "test_rmse": 0.46815851242845047,
  "test_mae": 0.3510935793745869
}