{
  "val_rmse": 0.46748084043983423,
  "val_mae": 0.35313589945152074,
  "test_rmse": 0.468351202582942,
  "test_mae": 0.3511653627864838
}