{
  "val_accuracy": 0.8580588105239885,
  "val_f1": 0.829345101418528,
  "val_auroc": 0.8685181864265816,
  "test_accuracy": 0.851077943615257,
  "test_f1": 0.8183963545797776,
  "test_auroc": 0.872880836069385
}