{
  "val_accuracy": 0.8712,
  "val_f1": 0.8711838413010528,
  "val_auroc": 0.9414931200000001,
  "test_accuracy": 0.871,
  "test_f1": 0.8709956602940125,
  "test_auroc": 0.94441136
}