{
  "val_accuracy": 0.8372761441521114,
  "val_f1": 0.7717073576847444,
  "val_auroc": 0.6690270166465921,
  "test_accuracy": 0.835599778883361,
  "test_f1": 0.7675597771013399,
  "test_auroc": 0.6779001456893482
}