{
  "val_accuracy": 0.8324,
  "val_f1": 0.8323188423196827,
  "val_auroc": 0.9201302400000001,
  "test_accuracy": 0.8452,
  "test_f1": 0.8451951453197573,
  "test_auroc": 0.92173712
}