{
  "val_accuracy": 0.8788,
  "val_f1": 0.8787878787878788,
  "val_auroc": 0.9493075200000001,
  "test_accuracy": 0.8762,
  "test_f1": 0.8761860882688779,
  "test_auroc": 0.95002792
}