{
  "val_rmse": 0.5092128410304733,
  "val_mae": 0.37947072678519095,
  "test_rmse": 0.5193502387576788,
  "test_mae": 0.38561738243857724
}