{
  "val_accuracy": 0.8518682290515145,
  "val_f1": 0.82753820897505,
  "val_auroc": 0.8690030471919377,
  "test_accuracy": 0.8526257600884467,
  "test_f1": 0.825843592248204,
  "test_auroc": 0.8688819256061078
}