{
  "val_accuracy": 0.850320583683396,
  "val_f1": 0.813197003798551,
  "val_auroc": 0.8243328442952697,
  "test_accuracy": 0.8486456605859591,
  "test_f1": 0.8094217179122043,
  "test_auroc": 0.8307463308897607
}