{
  "val_rmse": 0.4741360675201405,
  "val_mae": 0.35391757832847515,
  "test_rmse": 0.47640739430228596,
  "test_mae": 0.35992027457042397
}