{
  "val_accuracy": 0.841919080256467,
  "val_f1": 0.7805157499555206,
  "val_auroc": 0.8583444061152821,
  "test_accuracy": 0.8352681039248203,
  "test_f1": 0.7712821800323989,
  "test_auroc": 0.8575083414345415
}