{
  "val_accuracy": 0.8585009949148795,
  "val_f1": 0.8293172356203379,
  "val_auroc": 0.8733037815962598,
  "test_accuracy": 0.8551686014372581,
  "test_f1": 0.8262484617386666,
  "test_auroc": 0.8694547179393846
}