{
  "val_rmse": 0.4517806083343575,
  "val_mae": 0.33871565077022653,
  "test_rmse": 0.45592301178639655,
  "test_mae": 0.34386312068942043
}