{
  "val_rmse": 0.5100757508269753,
  "val_mae": 0.3866763082173195,
  "test_rmse": 0.5095680711229449,
  "test_mae": 0.386367984699198
}