{
  "val_accuracy": 0.8381605129338935,
  "val_f1": 0.7772234917371645,
  "val_auroc": 0.8227268202312081,
  "test_accuracy": 0.8386954118297402,
  "test_f1": 0.7759521572240552,
  "test_auroc": 0.822354850389061
}