{
  "val_rmse": 0.46101120232163056,
  "val_mae": 0.3452894195289574,
  "test_rmse": 0.4574373203714832,
  "test_mae": 0.3426992153060748
}