{
  "val_accuracy": 0.8401503426929029,
  "val_f1": 0.8002622579137714,
  "val_auroc": 0.8454686787358813,
  "test_accuracy": 0.84212271973466,
  "test_f1": 0.804145951746645,
  "test_auroc": 0.843047795391641
}