{
  "val_accuracy": 0.859606455892107,
  "val_f1": 0.8323844014106531,
  "val_auroc": 0.8752015693462093,
  "test_accuracy": 0.8592592592592593,
  "test_f1": 0.8352848782888744,
  "test_auroc": 0.8732694204360161
}