{
  "val_rmse": 0.44247613879766323,
  "val_mae": 0.33064394004758,
  "test_rmse": 0.43930796064706595,
  "test_mae": 0.3253410131761451
}