{
  "val_accuracy": 0.83882378952023,
  "val_f1": 0.8032847786860395,
  "val_auroc": 0.8209351123210764,
  "test_accuracy": 0.8380320619126589,
  "test_f1": 0.7993695704130079,
  "test_auroc": 0.8263117469605685
}