{
  "val_accuracy": 0.839708158302012,
  "val_f1": 0.7994658868032625,
  "val_auroc": 0.8234136033538879,
  "test_accuracy": 0.8393587617468214,
  "test_f1": 0.7964593205814587,
  "test_auroc": 0.8216269773670459
}