{
  "val_rmse": 0.6294348519684673,
  "val_mae": 0.4538593325333332,
  "test_rmse": 0.640947596606142,
  "test_mae": 0.4665332839151127
}