{
  "val_rmse": 0.42503799216809707,
  "val_mae": 0.3128677824290599,
  "test_rmse": 0.4230235123860591,
  "test_mae": 0.3095770853964771
}