{
  "val_rmse": 0.6372322426035367,
  "val_mae": 0.46304518696003927,
  "test_rmse": 0.6300467407343227,
  "test_mae": 0.4579518337301013
}