{
  "val_accuracy": 0.8728,
  "val_f1": 0.8727934056101468,
  "val_auroc": 0.94670016,
  "test_accuracy": 0.8654,
  "test_f1": 0.8653954719036748,
  "test_auroc": 0.93991632
}