{
  "val_accuracy": 0.841476895865576,
  "val_f1": 0.822249321352273,
  "val_auroc": 0.8465889595068011,
  "test_accuracy": 0.8410171365395246,
  "test_f1": 0.8231835993863961,
  "test_auroc": 0.8503189348666402
}