{
  "val_accuracy": 0.8432456334291399,
  "val_f1": 0.8036519189705202,
  "val_auroc": 0.8177710737044843,
  "test_accuracy": 0.8414593698175787,
  "test_f1": 0.8003111486241954,
  "test_auroc": 0.8228110012139895
}