{
  "val_rmse": 0.4025330585364225,
  "val_mae": 0.2898559504846535,
  "test_rmse": 0.3928069005444196,
  "test_mae": 0.28532824190179273
}