{
  "val_accuracy": 0.8357284987839929,
  "val_f1": 0.7626883683991721,
  "val_auroc": 0.8251820125304825,
  "test_accuracy": 0.8337202874516307,
  "test_f1": 0.7595802232781101,
  "test_auroc": 0.8297590485654109
}