{
  "val_accuracy": 0.8339597612204289,
  "val_f1": 0.7584559901925155,
  "val_auroc": 0.8610076984663786,
  "test_accuracy": 0.8339414040906579,
  "test_f1": 0.7584301918321475,
  "test_auroc": 0.868946799997811
}