{
  "val_accuracy": 0.8450143709927039,
  "val_f1": 0.8029392221178641,
  "val_auroc": 0.8398367394199039,
  "test_accuracy": 0.8448866777224986,
  "test_f1": 0.8005356966605467,
  "test_auroc": 0.8309636380358472
}