{
  "val_accuracy": 0.8392659739111209,
  "val_f1": 0.7771840210754342,
  "val_auroc": 0.777035356181154,
  "test_accuracy": 0.839690436705362,
  "test_f1": 0.7784697606717207,
  "test_auroc": 0.7737217847148167
}