{
  "val_rmse": 0.4583226230414659,
  "val_mae": 0.3453649232495291,
  "test_rmse": 0.46298898956125284,
  "test_mae": 0.34987595548322686
}