{
  "val_accuracy": 0.8339597612204289,
  "val_f1": 0.7584559901925155,
  "val_auroc": 0.8736472614103782,
  "test_accuracy": 0.8340519624101713,
  "test_f1": 0.7589081675053355,
  "test_auroc": 0.8683502645198156
}