{
  "val_accuracy": 0.8485518461198319,
  "val_f1": 0.8170137680957157,
  "val_auroc": 0.8674951602176243,
  "test_accuracy": 0.8506357103372029,
  "test_f1": 0.8160667849994182,
  "test_auroc": 0.869372058255262
}