{
  "val_accuracy": 0.8443510944063675,
  "val_f1": 0.8009504327471252,
  "val_auroc": 0.8382118292612324,
  "test_accuracy": 0.8442233278054173,
  "test_f1": 0.7979491879554441,
  "test_auroc": 0.8288979844453275
}