{
  "val_accuracy": 0.8443510944063675,
  "val_f1": 0.7920584269408133,
  "val_auroc": 0.8347994473257996,
  "test_accuracy": 0.8426755113322277,
  "test_f1": 0.7900477028362302,
  "test_auroc": 0.8379673361409676
}