{
  "val_accuracy": 0.8500994914879505,
  "val_f1": 0.8283095526673272,
  "val_auroc": 0.8506754161648024,
  "test_accuracy": 0.8470978441127694,
  "test_f1": 0.8277596465990092,
  "test_auroc": 0.853323457715048
}