{
  "val_accuracy": 0.8470042007517135,
  "val_f1": 0.8176299659036491,
  "val_auroc": 0.8551387121872146,
  "test_accuracy": 0.8453289110005527,
  "test_f1": 0.8166499400076195,
  "test_auroc": 0.8454358349899106
}