{
  "val_accuracy": 0.8434667256245855,
  "val_f1": 0.8025935544448127,
  "val_auroc": 0.7975385947051157,
  "test_accuracy": 0.8446655610834716,
  "test_f1": 0.8033072661838988,
  "test_auroc": 0.7855701876485159
}