{
  "val_rmse": 0.49135275827386904,
  "val_mae": 0.36975174559167867,
  "test_rmse": 0.4892061329462041,
  "test_mae": 0.3663054753735782
}