{
  "val_rmse": 0.488636480127859,
  "val_mae": 0.3675355782877361,
  "test_rmse": 0.4855156614041219,
  "test_mae": 0.36268145716290073
}