{
  "val_rmse": 0.4863269014753451,
  "val_mae": 0.3657354404190054,
  "test_rmse": 0.490029223218436,
  "test_mae": 0.3659401727021803
}