{
  "val_rmse": 0.4577258438174771,
  "val_mae": 0.34442110710903767,
  "test_rmse": 0.4604259828442479,
  "test_mae": 0.34469753249700846
}