{
  "val_accuracy": 0.8589431793057705,
  "val_f1": 0.8302232533573589,
  "val_auroc": 0.8673209492327656,
  "test_accuracy": 0.8497512437810946,
  "test_f1": 0.816150579240499,
  "test_auroc": 0.8715294627711905
}