{
  "val_accuracy": 0.8441300022109219,
  "val_f1": 0.8133076815264267,
  "val_auroc": 0.8624347458955398,
  "test_accuracy": 0.8467661691542289,
  "test_f1": 0.8161682198242687,
  "test_auroc": 0.8587458094232215
}