{
  "val_accuracy": 0.8188,
  "val_f1": 0.8184420839866879,
  "val_auroc": 0.9106057599999999,
  "test_accuracy": 0.8288,
  "test_f1": 0.8286110882859524,
  "test_auroc": 0.91377192
}