{
  "val_rmse": 0.49709670038215803,
  "val_mae": 0.3754567474704294,
  "test_rmse": 0.5012697028331766,
  "test_mae": 0.3758937409702792
}