{
  "val_accuracy": 0.8399292504974575,
  "val_f1": 0.7897466959076442,
  "val_auroc": 0.838948563456572,
  "test_accuracy": 0.8441127694859039,
  "test_f1": 0.7932249264912324,
  "test_auroc": 0.8401478659502652
}