{
  "val_accuracy": 0.837939420738448,
  "val_f1": 0.7742750197209985,
  "val_auroc": 0.7108934287687113,
  "test_accuracy": 0.8362631288004422,
  "test_f1": 0.7694450737699154,
  "test_auroc": 0.7171441215945578
}