{
  "val_accuracy": 0.8452354631881495,
  "val_f1": 0.7999963984124413,
  "val_auroc": 0.7831029112120567,
  "test_accuracy": 0.843338861249309,
  "test_f1": 0.7961170016563882,
  "test_auroc": 0.7829529693318008
}