{
  "val_accuracy": 0.8748,
  "val_f1": 0.8747725701837731,
  "val_auroc": 0.9458144000000002,
  "test_accuracy": 0.8674,
  "test_f1": 0.8673997401034907,
  "test_auroc": 0.9420464
}