{
  "val_rmse": 0.4209911969817927,
  "val_mae": 0.30820268349717667,
  "test_rmse": 0.4175477253712491,
  "test_mae": 0.3039966834559321
}