{
  "val_accuracy": 0.8509838602697325,
  "val_f1": 0.8256430611990052,
  "val_auroc": 0.8698098540934461,
  "test_accuracy": 0.8537313432835821,
  "test_f1": 0.827150091931263,
  "test_auroc": 0.8683876445264638
}