{
  "val_accuracy": 0.840592527083794,
  "val_f1": 0.7921904840526672,
  "val_auroc": 0.841316032493967,
  "test_accuracy": 0.8434494195688226,
  "test_f1": 0.7932218650935603,
  "test_auroc": 0.8406926784438549
}