{
  "svm_rbf_text_imdb_test": {
    "accuracy_mean": 0.8779333333333333,
    "accuracy_std": 0.00046685710400031107,
    "f1_mean": 0.877931567525131,
    "f1_std": 0.0004673753298096948,
    "auroc_mean": 0.949699808,
    "auroc_std": 0.00017434891801384705
  },
  "svm_rbf_text_amazon": {
    "accuracy_mean": 0.8031666666666667,
    "accuracy_std": 0.002867441755680878,
    "f1_mean": 0.8029531215965714,
    "f1_std": 0.0028078680498707913,
    "auroc_mean": 0.8912333333333332,
    "auroc_std": 0.0008795500112114901
  }
}