{
  "val_accuracy": 0.8832,
  "val_f1": 0.8831783926755091,
  "val_auroc": 0.9535628800000001,
  "test_accuracy": 0.8712,
  "test_f1": 0.8711909112306963,
  "test_auroc": 0.9450993599999999
}