{
  "val_accuracy": 0.8804,
  "val_f1": 0.8803967659285507,
  "val_auroc": 0.94745792,
  "test_accuracy": 0.8672,
  "test_f1": 0.867196408990899,
  "test_auroc": 0.94288768
}