{
  "val_accuracy": 0.856953349546761,
  "val_f1": 0.8322057776795803,
  "val_auroc": 0.8708244080356626,
  "test_accuracy": 0.8500829187396352,
  "test_f1": 0.8229758608022415,
  "test_auroc": 0.8726874485969743
}