{
  "val_accuracy": 0.8688,
  "val_f1": 0.8687996641271402,
  "val_auroc": 0.94141568,
  "test_accuracy": 0.8746,
  "test_f1": 0.8745957814020865,
  "test_auroc": 0.9457672
}