{
  "val_rmse": 0.5180133375286756,
  "val_mae": 0.3882722895007022,
  "test_rmse": 0.513444749548111,
  "test_mae": 0.3828153451245861
}