{
  "val_rmse": 0.5306788239704248,
  "val_mae": 0.3935314165419376,
  "test_rmse": 0.544137935870461,
  "test_mae": 0.4016252545298991
}