{
  "val_rmse": 0.4912123854270758,
  "val_mae": 0.36633790006491174,
  "test_rmse": 0.48887739822422777,
  "test_mae": 0.36910919504047474
}