{
  "val_accuracy": 0.8724,
  "val_f1": 0.8723586442007211,
  "val_auroc": 0.9454457599999999,
  "test_accuracy": 0.876,
  "test_f1": 0.8759698160144253,
  "test_auroc": 0.9470065599999999
}