{
  "val_accuracy": 0.844572186601813,
  "val_f1": 0.8008465336786172,
  "val_auroc": 0.8356959190503154,
  "test_accuracy": 0.8443338861249309,
  "test_f1": 0.7976169981905535,
  "test_auroc": 0.8388701052271459
}