{
  "val_accuracy": 0.856953349546761,
  "val_f1": 0.8451441689610046,
  "val_auroc": 0.876936971983626,
  "test_accuracy": 0.8545052515201769,
  "test_f1": 0.8407597338941235,
  "test_auroc": 0.8805637293366235
}