{
  "val_accuracy": 0.8443510944063675,
  "val_f1": 0.7983167943608553,
  "val_auroc": 0.8252831502147014,
  "test_accuracy": 0.8426755113322277,
  "test_f1": 0.7935687209448563,
  "test_auroc": 0.8295122169512636
}