{
  "val_accuracy": 0.857395533937652,
  "val_f1": 0.8259515531584302,
  "val_auroc": 0.8747595994312285,
  "test_accuracy": 0.8505251520176893,
  "test_f1": 0.8152276102934466,
  "test_auroc": 0.8770793125185686
}