{
  "val_rmse": 0.6946523334764876,
  "val_mae": 0.523311753654734,
  "test_rmse": 0.6904846135471234,
  "test_mae": 0.5261062793098413
}