{
  "val_rmse": 0.47585466034455154,
  "val_mae": 0.3587903718120348,
  "test_rmse": 0.4692364120373387,
  "test_mae": 0.3558261214698785
}