{
  "val_accuracy": 0.8728,
  "val_f1": 0.8727970692444753,
  "val_auroc": 0.9460768,
  "test_accuracy": 0.866,
  "test_f1": 0.86598550499222,
  "test_auroc": 0.93854336
}