{
  "val_accuracy": 0.8404,
  "val_f1": 0.8403999744639962,
  "val_auroc": 0.9159088000000001,
  "test_accuracy": 0.8374,
  "test_f1": 0.8373879732144989,
  "test_auroc": 0.91835136
}