{
  "val_rmse": 0.46250801226588656,
  "val_mae": 0.34526039993274404,
  "test_rmse": 0.4631072064200187,
  "test_mae": 0.34820423927634153
}