{
  "val_accuracy": 0.8416979880610215,
  "val_f1": 0.796234062889892,
  "val_auroc": 0.8101532703655642,
  "test_accuracy": 0.8389165284687673,
  "test_f1": 0.7909257880809727,
  "test_auroc": 0.8123150748844662
}