{
  "val_accuracy": 0.8268,
  "val_f1": 0.826799750591641,
  "val_auroc": 0.9143558399999999,
  "test_accuracy": 0.8396,
  "test_f1": 0.8395839583958395,
  "test_auroc": 0.9203831200000001
}