{
  "val_accuracy": 0.8509838602697325,
  "val_f1": 0.8314994469578533,
  "val_auroc": 0.8610544724390103,
  "test_accuracy": 0.8524046434494196,
  "test_f1": 0.831850404612319,
  "test_auroc": 0.8624565804964099
}