{
  "val_accuracy": 0.8483307539243865,
  "val_f1": 0.8010570965554044,
  "val_auroc": 0.7930763577160463,
  "test_accuracy": 0.84212271973466,
  "test_f1": 0.7929148178905397,
  "test_auroc": 0.7915926936783038
}