{
  "val_accuracy": 0.8576166261330975,
  "val_f1": 0.8263201376520118,
  "val_auroc": 0.874812904109473,
  "test_accuracy": 0.8505251520176893,
  "test_f1": 0.8152276102934466,
  "test_auroc": 0.8771648407982425
}