{
  "val_rmse": 0.46590942352262044,
  "val_mae": 0.3502871029260689,
  "test_rmse": 0.4573016055406566,
  "test_mae": 0.3429724943976369
}