{
  "val_accuracy": 0.851647136856069,
  "val_f1": 0.8132582916840672,
  "val_auroc": 0.8692252676883279,
  "test_accuracy": 0.8417910447761194,
  "test_f1": 0.7980031038053043,
  "test_auroc": 0.866555715275033
}