{
  "val_accuracy": 0.8092,
  "val_f1": 0.8091975271999525,
  "val_auroc": 0.8994185600000001,
  "test_accuracy": 0.8242,
  "test_f1": 0.8241417487128436,
  "test_auroc": 0.90123384
}