{
  "val_accuracy": 0.8341808534158744,
  "val_f1": 0.759410097434953,
  "val_auroc": 0.871178478183207,
  "test_accuracy": 0.834604754007739,
  "test_f1": 0.7600260419879732,
  "test_auroc": 0.8733860619443641
}