{
  "val_accuracy": 0.8421401724519124,
  "val_f1": 0.7881849098264673,
  "val_auroc": 0.8419200345103665,
  "test_accuracy": 0.840906578220011,
  "test_f1": 0.7851932101725538,
  "test_auroc": 0.8490011903347572
}