{
  "val_accuracy": 0.8357284987839929,
  "val_f1": 0.7840795281821645,
  "val_auroc": 0.7921666480747481,
  "test_accuracy": 0.8392482034273079,
  "test_f1": 0.7881179867931039,
  "test_auroc": 0.792686776021648
}