{
  "seed": 44,
  "val_metrics": {
    "accuracy": 0.8848,
    "f1": 0.8847855474990781,
    "auroc": 0.9526502400000001
  },
  "imdb_test_metrics": {
    "accuracy": 0.87744,
    "f1": 0.8774382672712474,
    "auroc": 0.9495913408000001
  },
  "amazon_metrics": {
    "accuracy": 0.8065,
    "f1": 0.806182090173407,
    "auroc": 0.8920124999999999
  }
}