{
  "val_accuracy": 0.850762768074287,
  "val_f1": 0.811205361081599,
  "val_auroc": 0.8751426164901376,
  "test_accuracy": 0.8495301271420674,
  "test_f1": 0.8110031999316725,
  "test_auroc": 0.8744658895744294
}