{
  "val_accuracy": 0.854742427592306,
  "val_f1": 0.8433474817091994,
  "val_auroc": 0.8747941945204202,
  "test_accuracy": 0.8548369264787176,
  "test_f1": 0.8422763529136743,
  "test_auroc": 0.8714113207667077
}