{
  "val_accuracy": 0.8558478885695335,
  "val_f1": 0.8458606959038382,
  "val_auroc": 0.8754894499098409,
  "test_accuracy": 0.8533996683250414,
  "test_f1": 0.8406217770467509,
  "test_auroc": 0.8754337537135072
}