{
  "val_accuracy": 0.855184611983197,
  "val_f1": 0.8402124914220872,
  "val_auroc": 0.8649240037673346,
  "test_accuracy": 0.852072968490879,
  "test_f1": 0.8396149067976516,
  "test_auroc": 0.8667137086915621
}