{
  "val_accuracy": 0.846340924165377,
  "val_f1": 0.8038746708747537,
  "val_auroc": 0.8027317412061401,
  "test_accuracy": 0.8428966279712549,
  "test_f1": 0.7974444320357393,
  "test_auroc": 0.7944571849315589
}