{
  "val_rmse": 0.4354538769072306,
  "val_mae": 0.3211906057487118,
  "test_rmse": 0.4359001864278069,
  "test_mae": 0.32057455655704414
}