{
  "val_accuracy": 0.8355074065885474,
  "val_f1": 0.790984276075491,
  "val_auroc": 0.8253758156321793,
  "test_accuracy": 0.8377003869541183,
  "test_f1": 0.793902402741001,
  "test_auroc": 0.8219022301432727
}