{
  "val_accuracy": 0.8593853636966615,
  "val_f1": 0.8320307949166998,
  "val_auroc": 0.8750723672784115,
  "test_accuracy": 0.8589275843007186,
  "test_f1": 0.8348552470729721,
  "test_auroc": 0.8732503553086582
}