{
  "val_accuracy": 0.843687817820031,
  "val_f1": 0.7951082064422934,
  "val_auroc": 0.8110645685568765,
  "test_accuracy": 0.84212271973466,
  "test_f1": 0.7914695080180821,
  "test_auroc": 0.8173807939672288
}