{
  "val_accuracy": 0.8408136192792395,
  "val_f1": 0.7906182773614366,
  "val_auroc": 0.8076047066265833,
  "test_accuracy": 0.8426755113322277,
  "test_f1": 0.7906490409289252,
  "test_auroc": 0.7944149945108321
}