{
  "val_rmse": 0.46916436276017826,
  "val_mae": 0.3507489641576846,
  "test_rmse": 0.4705035784351533,
  "test_mae": 0.35448086770062476
}