{
  "val_rmse": 0.4858203291912189,
  "val_mae": 0.36263191236729353,
  "test_rmse": 0.4864874084120825,
  "test_mae": 0.3673296136039795
}