{
  "val_accuracy": 0.8836,
  "val_f1": 0.8835820995836319,
  "val_auroc": 0.95114368,
  "test_accuracy": 0.8834,
  "test_f1": 0.8833929056243782,
  "test_auroc": 0.94960272
}