{
  "val_rmse": 0.5001018475561018,
  "val_mae": 0.374451428808598,
  "test_rmse": 0.4969895977815621,
  "test_mae": 0.37700045949299404
}