{
  "val_rmse": 0.472283251574026,
  "val_mae": 0.3535103205910462,
  "test_rmse": 0.4721609336444972,
  "test_mae": 0.35137505051180384
}