{
  "val_accuracy": 0.8441300022109219,
  "val_f1": 0.791913110894231,
  "val_auroc": 0.8306588034617681,
  "test_accuracy": 0.8431177446102819,
  "test_f1": 0.7907883395475694,
  "test_auroc": 0.8340740782584641
}