{
  "val_accuracy": 0.8593853636966615,
  "val_f1": 0.8372481868636451,
  "val_auroc": 0.8739593232353327,
  "test_accuracy": 0.8521835268103924,
  "test_f1": 0.8265674114417229,
  "test_auroc": 0.8733039318471125
}