{
  "val_accuracy": 0.848,
  "val_f1": 0.8479882282083925,
  "val_auroc": 0.92834144,
  "test_accuracy": 0.8456,
  "test_f1": 0.8455910813408584,
  "test_auroc": 0.91843592
}