{
  "val_accuracy": 0.8430245412336944,
  "val_f1": 0.8051479788523181,
  "val_auroc": 0.8631907191966031,
  "test_accuracy": 0.8486456605859591,
  "test_f1": 0.8105901102774543,
  "test_auroc": 0.8650939231142251
}