{
  "val_rmse": 0.4858218769349763,
  "val_mae": 0.3655917681123104,
  "test_rmse": 0.48780285814343993,
  "test_mae": 0.3642036419721814
}