{
  "val_rmse": 0.46825583044758556,
  "val_mae": 0.35249769687350857,
  "test_rmse": 0.4715186892622791,
  "test_mae": 0.3508561176468964
}