{
  "val_accuracy": 0.8416979880610215,
  "val_f1": 0.7830982363904462,
  "val_auroc": 0.8185221048499491,
  "test_accuracy": 0.8395798783858486,
  "test_f1": 0.7787489346912357,
  "test_auroc": 0.8212714921798554
}