{
  "val_accuracy": 0.8662392217554721,
  "val_f1": 0.8449552808622653,
  "val_auroc": 0.877491199432923,
  "test_accuracy": 0.8550580431177446,
  "test_f1": 0.8296811703436595,
  "test_auroc": 0.878873994160069
}