{
  "val_rmse": 0.46725534284318915,
  "val_mae": 0.3491965461746885,
  "test_rmse": 0.46566573344690143,
  "test_mae": 0.34717892892534313
}