{
  "val_rmse": 0.47132285998329515,
  "val_mae": 0.3509508779166847,
  "test_rmse": 0.47023001056278513,
  "test_mae": 0.353648404847126
}