{
  "val_accuracy": 0.8607119168693345,
  "val_f1": 0.8343205536689678,
  "val_auroc": 0.8746035685187512,
  "test_accuracy": 0.8588170259812051,
  "test_f1": 0.8340982872073632,
  "test_auroc": 0.8731146486729524
}