{
  "val_rmse": 0.453788089875734,
  "val_mae": 0.3399840931243707,
  "test_rmse": 0.45356927713454287,
  "test_mae": 0.3413039838400532
}