{
  "val_accuracy": 0.8589431793057705,
  "val_f1": 0.844423642542185,
  "val_auroc": 0.8785488207310719,
  "test_accuracy": 0.8529574350469873,
  "test_f1": 0.8402652544013692,
  "test_auroc": 0.8741685265463364
}