{
  "val_rmse": 0.4748757723387051,
  "val_mae": 0.3555999575960173,
  "test_rmse": 0.4794435458353381,
  "test_mae": 0.355717692820947
}