{
  "val_accuracy": 0.8355074065885474,
  "val_f1": 0.7882655625559771,
  "val_auroc": 0.7822279731655071,
  "test_accuracy": 0.8352681039248203,
  "test_f1": 0.7904143258338236,
  "test_auroc": 0.7972214077372288
}