{
  "val_accuracy": 0.8434667256245855,
  "val_f1": 0.8045248550719605,
  "val_auroc": 0.8412171893819905,
  "test_accuracy": 0.8424543946932007,
  "test_f1": 0.7998758395686374,
  "test_auroc": 0.8464160561559794
}