{
  "val_accuracy": 0.8421401724519124,
  "val_f1": 0.7954519760989358,
  "val_auroc": 0.828478253809343,
  "test_accuracy": 0.8431177446102819,
  "test_f1": 0.7937212711070009,
  "test_auroc": 0.8180670502876274
}