{
  "val_accuracy": 0.859164271501216,
  "val_f1": 0.83203547855088,
  "val_auroc": 0.8722696355372054,
  "test_accuracy": 0.8576008844665561,
  "test_f1": 0.8336357309006699,
  "test_auroc": 0.8706736503875782
}