{
  "val_accuracy": 0.8352,
  "val_f1": 0.8351990507465321,
  "val_auroc": 0.91483488,
  "test_accuracy": 0.8394,
  "test_f1": 0.8393791257111775,
  "test_auroc": 0.91658856
}