{
  "val_rmse": 0.47094447588554494,
  "val_mae": 0.35352704165079246,
  "test_rmse": 0.47485009040099135,
  "test_mae": 0.352959353425653
}