{
  "val_rmse": 0.4905485752742018,
  "val_mae": 0.37246331070858535,
  "test_rmse": 0.4857569909033392,
  "test_mae": 0.36429608368926103
}