{
  "val_accuracy": 0.8386026973247844,
  "val_f1": 0.7788571404539466,
  "val_auroc": 0.7500510101060021,
  "test_accuracy": 0.838253178551686,
  "test_f1": 0.7749814440514511,
  "test_auroc": 0.7497469898723573
}