{
  "val_accuracy": 0.8401503426929029,
  "val_f1": 0.7982855434994711,
  "val_auroc": 0.7726375437204266,
  "test_accuracy": 0.8461028192371476,
  "test_f1": 0.8048196369106506,
  "test_auroc": 0.7647076424504832
}