{
  "val_accuracy": 0.818,
  "val_f1": 0.8179181651401406,
  "val_auroc": 0.8958342400000001,
  "test_accuracy": 0.8144,
  "test_f1": 0.8143424907299285,
  "test_auroc": 0.90038408
}