{
  "val_accuracy": 0.878,
  "val_f1": 0.877994358459135,
  "val_auroc": 0.95080832,
  "test_accuracy": 0.8658,
  "test_f1": 0.8657995651905912,
  "test_auroc": 0.9410551999999999
}