{
  "val_accuracy": 0.8412558036701304,
  "val_f1": 0.7920634062041193,
  "val_auroc": 0.8166186689221724,
  "test_accuracy": 0.84212271973466,
  "test_f1": 0.790585244701759,
  "test_auroc": 0.8070155873303755
}