{
  "val_accuracy": 0.868,
  "val_f1": 0.8679978879662075,
  "val_auroc": 0.9431680000000001,
  "test_accuracy": 0.8682,
  "test_f1": 0.8681949334132405,
  "test_auroc": 0.94389808
}