{
  "val_accuracy": 0.8096,
  "val_f1": 0.8095238095238095,
  "val_auroc": 0.9007388799999998,
  "test_accuracy": 0.8184,
  "test_f1": 0.8181848472208072,
  "test_auroc": 0.9033659199999999
}