{
  "val_accuracy": 0.8448,
  "val_f1": 0.8446639007232578,
  "val_auroc": 0.92680832,
  "test_accuracy": 0.839,
  "test_f1": 0.8388754765232763,
  "test_auroc": 0.9178896000000001
}