{
  "val_accuracy": 0.8772,
  "val_f1": 0.8771117367337916,
  "val_auroc": 0.94787072,
  "test_accuracy": 0.877,
  "test_f1": 0.8769851151989391,
  "test_auroc": 0.9473486400000001
}