{
  "val_accuracy": 0.8523104134424054,
  "val_f1": 0.8421931297122572,
  "val_auroc": 0.8655004709168264,
  "test_accuracy": 0.8491984521835269,
  "test_f1": 0.8372459148625148,
  "test_auroc": 0.8691083239934805
}