{
  "val_rmse": 0.4906812395823041,
  "val_mae": 0.36952065799213624,
  "test_rmse": 0.49115628176079223,
  "test_mae": 0.36845385437414824
}