{
  "val_accuracy": 0.8439089100154764,
  "val_f1": 0.7905581881477394,
  "val_auroc": 0.8735302382260202,
  "test_accuracy": 0.8384742951907131,
  "test_f1": 0.7792731202216163,
  "test_auroc": 0.8768387035501563
}