{
  "val_accuracy": 0.8136,
  "val_f1": 0.8129966824166801,
  "val_auroc": 0.9054857599999999,
  "test_accuracy": 0.8122,
  "test_f1": 0.811237697331488,
  "test_auroc": 0.89890352
}