{
  "val_accuracy": 0.8804,
  "val_f1": 0.8803956942449928,
  "val_auroc": 0.9479833599999998,
  "test_accuracy": 0.8658,
  "test_f1": 0.8657926508055581,
  "test_auroc": 0.94168272
}