{
  "val_accuracy": 0.852973690028742,
  "val_f1": 0.8165081351935546,
  "val_auroc": 0.8640397109262589,
  "test_accuracy": 0.8507462686567164,
  "test_f1": 0.8144008781533424,
  "test_auroc": 0.8633292072631781
}