{
  "val_accuracy": 0.8492151227061685,
  "val_f1": 0.8076667812395439,
  "val_auroc": 0.8642885837617711,
  "test_accuracy": 0.8441127694859039,
  "test_f1": 0.802420584248128,
  "test_auroc": 0.8645876380655039
}