{
  "val_accuracy": 0.8772,
  "val_f1": 0.8771785995991941,
  "val_auroc": 0.9518207999999999,
  "test_accuracy": 0.8692,
  "test_f1": 0.8691994767979071,
  "test_auroc": 0.94360288
}