{
  "val_accuracy": 0.840592527083794,
  "val_f1": 0.7990938963028974,
  "val_auroc": 0.7726421328649111,
  "test_accuracy": 0.8462133775566612,
  "test_f1": 0.8050214628367494,
  "test_auroc": 0.7647246774948352
}