{
  "val_accuracy": 0.841919080256467,
  "val_f1": 0.7966522170433816,
  "val_auroc": 0.8524328819968569,
  "test_accuracy": 0.8463239358761747,
  "test_f1": 0.8004730522844452,
  "test_auroc": 0.8506527069921179
}