{
  "val_accuracy": 0.8344,
  "val_f1": 0.8341851038946475,
  "val_auroc": 0.918752,
  "test_accuracy": 0.8374,
  "test_f1": 0.8373255015867067,
  "test_auroc": 0.91735752
}