{
  "val_rmse": 0.45253986506408755,
  "val_mae": 0.3316148000904669,
  "test_rmse": 0.45161536587174583,
  "test_mae": 0.3317902608739923
}