{
  "val_accuracy": 0.874,
  "val_f1": 0.8739994959979839,
  "val_auroc": 0.94789696,
  "test_accuracy": 0.8644,
  "test_f1": 0.8643994575978304,
  "test_auroc": 0.9374124799999999
}