{
  "val_accuracy": 0.8377183285430024,
  "val_f1": 0.7723277181258185,
  "val_auroc": 0.7531541543053941,
  "test_accuracy": 0.8383637368711996,
  "test_f1": 0.7741459440278318,
  "test_auroc": 0.7515602953188227
}