{
  "val_accuracy": 0.838,
  "val_f1": 0.8379605660833622,
  "val_auroc": 0.9192991999999999,
  "test_accuracy": 0.8288,
  "test_f1": 0.8287230212746818,
  "test_auroc": 0.90982016
}