{
  "val_accuracy": 0.8651337607782446,
  "val_f1": 0.8435977280536359,
  "val_auroc": 0.8767089268038515,
  "test_accuracy": 0.8552791597567717,
  "test_f1": 0.8311337322941081,
  "test_auroc": 0.8778285455443826
}