{
  "val_accuracy": 0.8465620163608225,
  "val_f1": 0.7964729783962659,
  "val_auroc": 0.8399112247650005,
  "test_accuracy": 0.8434494195688226,
  "test_f1": 0.79293101802762,
  "test_auroc": 0.8415066093324151
}