{
  "val_rmse": 0.4936065865619731,
  "val_mae": 0.3719777718208443,
  "test_rmse": 0.4908513311726861,
  "test_mae": 0.36797627327961724
}