{
  "val_rmse": 0.4607565725026396,
  "val_mae": 0.3448627384155825,
  "test_rmse": 0.454343708163664,
  "test_mae": 0.3401779753260967
}