{
  "val_accuracy": 0.8788,
  "val_f1": 0.8787878787878788,
  "val_auroc": 0.94931264,
  "test_accuracy": 0.8762,
  "test_f1": 0.8761860882688779,
  "test_auroc": 0.9500296
}