{
  "val_accuracy": 0.8450143709927039,
  "val_f1": 0.8001081951537272,
  "val_auroc": 0.7831445665235324,
  "test_accuracy": 0.843338861249309,
  "test_f1": 0.7961170016563882,
  "test_auroc": 0.7831454300271872
}