{
  "val_accuracy": 0.8412558036701304,
  "val_f1": 0.7831558585652709,
  "val_auroc": 0.7981277702547187,
  "test_accuracy": 0.8401326699834163,
  "test_f1": 0.7814560545935559,
  "test_auroc": 0.796689261196305
}