{
  "val_accuracy": 0.850320583683396,
  "val_f1": 0.813197003798551,
  "val_auroc": 0.8241369231268878,
  "test_accuracy": 0.8488667772249862,
  "test_f1": 0.8098180066750654,
  "test_auroc": 0.8311466102997939
}