{
  "val_accuracy": 0.8580588105239885,
  "val_f1": 0.8284056340468392,
  "val_auroc": 0.8671905116260682,
  "test_accuracy": 0.8556108347153123,
  "test_f1": 0.8276145579436269,
  "test_auroc": 0.8673045069784544
}