{
  "val_accuracy": 0.861817377846562,
  "val_f1": 0.8358947597603288,
  "val_auroc": 0.8746026859909657,
  "test_accuracy": 0.8584853510226644,
  "test_f1": 0.8345864317250326,
  "test_auroc": 0.8732053404246191
}