{
  "val_accuracy": 0.8523104134424054,
  "val_f1": 0.8298794673265121,
  "val_auroc": 0.8679309524381066,
  "test_accuracy": 0.8536207849640686,
  "test_f1": 0.8308221144349706,
  "test_auroc": 0.8661467418138667
}