{
  "val_accuracy": 0.8288,
  "val_f1": 0.8287368655581194,
  "val_auroc": 0.9128598399999999,
  "test_accuracy": 0.8292,
  "test_f1": 0.8290378184360813,
  "test_auroc": 0.91187904
}