{
  "val_accuracy": 0.8776,
  "val_f1": 0.8775746138719325,
  "val_auroc": 0.94701248,
  "test_accuracy": 0.8602,
  "test_f1": 0.8601791890705012,
  "test_auroc": 0.93896832
}