{
  "val_accuracy": 0.861817377846562,
  "val_f1": 0.8387222312762367,
  "val_auroc": 0.8759847245030664,
  "test_accuracy": 0.8548369264787176,
  "test_f1": 0.8290730831595785,
  "test_auroc": 0.8771686361708185
}