{
  "val_accuracy": 0.8359495909794384,
  "val_f1": 0.8227450042689151,
  "val_auroc": 0.8163715611422311,
  "test_accuracy": 0.8332780541735766,
  "test_f1": 0.8196527149889258,
  "test_auroc": 0.8161176410153027
}