{
  "val_accuracy": 0.8425823568428035,
  "val_f1": 0.7905991250015706,
  "val_auroc": 0.7915035166967197,
  "test_accuracy": 0.8415699281370923,
  "test_f1": 0.7881141561585857,
  "test_auroc": 0.7994842000404958
}