{
  "val_accuracy": 0.8124,
  "val_f1": 0.8123812381238124,
  "val_auroc": 0.89910688,
  "test_accuracy": 0.8192,
  "test_f1": 0.8191995371508151,
  "test_auroc": 0.9015410399999999
}