{
  "val_accuracy": 0.855184611983197,
  "val_f1": 0.8259841926115438,
  "val_auroc": 0.8691144221984686,
  "test_accuracy": 0.8526257600884467,
  "test_f1": 0.8228617504702247,
  "test_auroc": 0.867554516113828
}