{
  "val_accuracy": 0.850320583683396,
  "val_f1": 0.8089541758017383,
  "val_auroc": 0.8328149953473136,
  "test_accuracy": 0.8461028192371476,
  "test_f1": 0.803318293766787,
  "test_auroc": 0.8236107656537495
}