{
  "val_accuracy": 0.8388,
  "val_f1": 0.838760760818753,
  "val_auroc": 0.9249071999999999,
  "test_accuracy": 0.8446,
  "test_f1": 0.8445972586956432,
  "test_auroc": 0.92220464
}