{
  "val_accuracy": 0.8448,
  "val_f1": 0.8447561839853681,
  "val_auroc": 0.92480704,
  "test_accuracy": 0.8386,
  "test_f1": 0.8385175212091326,
  "test_auroc": 0.91795128
}