{
  "val_rmse": 0.46274079993420353,
  "val_mae": 0.3487915083393874,
  "test_rmse": 0.4540455372421069,
  "test_mae": 0.3420084369273699
}