{
  "val_accuracy": 0.8434667256245855,
  "val_f1": 0.7887273121349464,
  "val_auroc": 0.8114722963937795,
  "test_accuracy": 0.8413488114980652,
  "test_f1": 0.7862642159322671,
  "test_auroc": 0.8108009860201424
}