{
  "val_rmse": 0.4027636236602765,
  "val_mae": 0.2913875898367665,
  "test_rmse": 0.40450321522970933,
  "test_mae": 0.293108234340567
}