{
  "val_accuracy": 0.837939420738448,
  "val_f1": 0.7767460671556299,
  "val_auroc": 0.8511383902410784,
  "test_accuracy": 0.8373687119955777,
  "test_f1": 0.7760475869704975,
  "test_auroc": 0.8526236086649591
}