{
  "val_rmse": 0.40506017637493996,
  "val_mae": 0.29331171100276837,
  "test_rmse": 0.40248338840662107,
  "test_mae": 0.29124970750449436
}