{
  "val_rmse": 0.5157745974157137,
  "val_mae": 0.39161405978572766,
  "test_rmse": 0.5204965385630328,
  "test_mae": 0.3919957737706456
}