{
  "val_rmse": 0.4608709103785328,
  "val_mae": 0.345394285669751,
  "test_rmse": 0.45926665311858217,
  "test_mae": 0.3420899798343106
}