{
  "val_accuracy": 0.8441300022109219,
  "val_f1": 0.8184393143621739,
  "val_auroc": 0.8091016502563567,
  "test_accuracy": 0.8417910447761194,
  "test_f1": 0.8163936434856263,
  "test_auroc": 0.8125989775795867
}