{
  "val_accuracy": 0.8474463851426045,
  "val_f1": 0.8278078146245152,
  "val_auroc": 0.8565147495103735,
  "test_accuracy": 0.8449972360420122,
  "test_f1": 0.826348287336545,
  "test_auroc": 0.856947950260495
}