{
  "val_accuracy": 0.8476,
  "val_f1": 0.847582221990373,
  "val_auroc": 0.92419584,
  "test_accuracy": 0.8314,
  "test_f1": 0.8313964323485085,
  "test_auroc": 0.9125692799999999
}