{
  "val_rmse": 0.5159736317022429,
  "val_mae": 0.3899230672286857,
  "test_rmse": 0.5159371004123332,
  "test_mae": 0.38973096586270073
}