{
  "val_accuracy": 0.8436,
  "val_f1": 0.8435817553759469,
  "val_auroc": 0.92490496,
  "test_accuracy": 0.8446,
  "test_f1": 0.8445994965023687,
  "test_auroc": 0.9226724000000001
}