{
  "val_rmse": 0.4896274511615082,
  "val_mae": 0.36750388901143444,
  "test_rmse": 0.4948822683865983,
  "test_mae": 0.3693294119297434
}