{
  "val_accuracy": 0.8443510944063675,
  "val_f1": 0.8051556665505691,
  "val_auroc": 0.8576073189088285,
  "test_accuracy": 0.8474295190713101,
  "test_f1": 0.8073515709678323,
  "test_auroc": 0.8558963231313129
}