{
  "val_rmse": 0.4877456934551569,
  "val_mae": 0.363795777468094,
  "test_rmse": 0.4888793493936886,
  "test_mae": 0.36926448887745744
}