{
  "val_accuracy": 0.851647136856069,
  "val_f1": 0.8271954325347782,
  "val_auroc": 0.8690443494922995,
  "test_accuracy": 0.8526257600884467,
  "test_f1": 0.825843592248204,
  "test_auroc": 0.8688524452702862
}