{
  "val_accuracy": 0.836170683174884,
  "val_f1": 0.7688416572943847,
  "val_auroc": 0.8244251567016336,
  "test_accuracy": 0.8371475953565506,
  "test_f1": 0.7705030232646068,
  "test_auroc": 0.8309341135677861
}