{
  "val_rmse": 0.3996984244231382,
  "val_mae": 0.2848443653049013,
  "test_rmse": 0.3986408718245066,
  "test_mae": 0.2880039601941383
}