{
  "val_rmse": 0.4367908977006255,
  "val_mae": 0.31888520395007924,
  "test_rmse": 0.4306021561062846,
  "test_mae": 0.3137145071433329
}