{
  "val_accuracy": 0.852,
  "val_f1": 0.8519407763105242,
  "val_auroc": 0.92558048,
  "test_accuracy": 0.8452,
  "test_f1": 0.8451964333258238,
  "test_auroc": 0.9197090400000002
}