{
  "val_accuracy": 0.842803449038249,
  "val_f1": 0.8273981388360883,
  "val_auroc": 0.8245199401857969,
  "test_accuracy": 0.8337202874516307,
  "test_f1": 0.8195076114141808,
  "test_auroc": 0.8251797991559444
}