{
  "val_accuracy": 0.856953349546761,
  "val_f1": 0.8420339266915232,
  "val_auroc": 0.878578826675779,
  "test_accuracy": 0.8537313432835821,
  "test_f1": 0.841504480731554,
  "test_auroc": 0.8741707772905383
}