{
  "val_accuracy": 0.8184,
  "val_f1": 0.8183925613593132,
  "val_auroc": 0.8968019200000001,
  "test_accuracy": 0.8224,
  "test_f1": 0.8223976982741696,
  "test_auroc": 0.90116008
}