{
  "val_accuracy": 0.8602697324784435,
  "val_f1": 0.8336188648883448,
  "val_auroc": 0.8703430773814483,
  "test_accuracy": 0.8553897180762853,
  "test_f1": 0.8299411556356523,
  "test_auroc": 0.8696609037611789
}