{
  "val_rmse": 0.39659269343411696,
  "val_mae": 0.28381459449124974,
  "test_rmse": 0.3964509374476472,
  "test_mae": 0.2854297544269105
}