{
  "val_rmse": 0.4891051370857144,
  "val_mae": 0.3685741622497981,
  "test_rmse": 0.49252153895746437,
  "test_mae": 0.3684647608032698
}