{
  "val_accuracy": 0.8383816051293389,
  "val_f1": 0.7947667550017735,
  "val_auroc": 0.8263418305461929,
  "test_accuracy": 0.838253178551686,
  "test_f1": 0.793618768889061,
  "test_auroc": 0.8227083496254849
}