{
  "val_accuracy": 0.8366128675657749,
  "val_f1": 0.7690864011064532,
  "val_auroc": 0.7259571190339357,
  "test_accuracy": 0.8383637368711996,
  "test_f1": 0.7732340309826196,
  "test_auroc": 0.7220135404771189
}