{
  "val_accuracy": 0.8076,
  "val_f1": 0.8071776728261306,
  "val_auroc": 0.9024051200000001,
  "test_accuracy": 0.8236,
  "test_f1": 0.8231719629804689,
  "test_auroc": 0.90225032
}