{
  "val_rmse": 0.49276533409517276,
  "val_mae": 0.36680399975603556,
  "test_rmse": 0.49449983744844317,
  "test_mae": 0.3728154400507809
}