{
  "val_accuracy": 0.85651116515587,
  "val_f1": 0.8357301469001108,
  "val_auroc": 0.8735884850598636,
  "test_accuracy": 0.8499723604201216,
  "test_f1": 0.8254606104429802,
  "test_auroc": 0.8765125221698303
}