{
  "val_accuracy": 0.8423612646473579,
  "val_f1": 0.7892479476749507,
  "val_auroc": 0.8434529852737883,
  "test_accuracy": 0.8425649530127142,
  "test_f1": 0.7895210221083265,
  "test_auroc": 0.8500798263943625
}