{
  "val_accuracy": 0.8458987397744859,
  "val_f1": 0.8261384312833596,
  "val_auroc": 0.8573102600562276,
  "test_accuracy": 0.8490878938640133,
  "test_f1": 0.8296230594352515,
  "test_auroc": 0.8517745485139527
}