{
  "val_accuracy": 0.8728,
  "val_f1": 0.8727918586789554,
  "val_auroc": 0.9420998399999999,
  "test_accuracy": 0.8728,
  "test_f1": 0.8727994911979647,
  "test_auroc": 0.94578016
}