{
  "val_accuracy": 0.8372761441521114,
  "val_f1": 0.7728075711233967,
  "val_auroc": 0.6820790730775368,
  "test_accuracy": 0.8380320619126589,
  "test_f1": 0.772307256350739,
  "test_auroc": 0.6802921130569113
}