{
  "val_accuracy": 0.8444,
  "val_f1": 0.8443659099089066,
  "val_auroc": 0.9219712,
  "test_accuracy": 0.8464,
  "test_f1": 0.8463958465436906,
  "test_auroc": 0.92351944
}