{
  "val_accuracy": 0.8084,
  "val_f1": 0.8082539355179201,
  "val_auroc": 0.89564672,
  "test_accuracy": 0.8112,
  "test_f1": 0.8109094358755438,
  "test_auroc": 0.8999503200000001
}