{
  "val_accuracy": 0.845456555383595,
  "val_f1": 0.7942755061742116,
  "val_auroc": 0.824340081023111,
  "test_accuracy": 0.841901603095633,
  "test_f1": 0.7895439941541064,
  "test_auroc": 0.820935116252262
}