{
  "val_accuracy": 0.8465620163608225,
  "val_f1": 0.7964729783962659,
  "val_auroc": 0.8399115777761146,
  "test_accuracy": 0.8434494195688226,
  "test_f1": 0.79293101802762,
  "test_auroc": 0.8415066975968937
}