{
  "val_accuracy": 0.8450143709927039,
  "val_f1": 0.8161324214791924,
  "val_auroc": 0.84023211186781,
  "test_accuracy": 0.8431177446102819,
  "test_f1": 0.8173960766003159,
  "test_auroc": 0.8400771661029802
}