{
  "val_accuracy": 0.853858058810524,
  "val_f1": 0.8436759544068989,
  "val_auroc": 0.8759238300858665,
  "test_accuracy": 0.854947484798231,
  "test_f1": 0.8426708502672298,
  "test_auroc": 0.8715927925345197
}