{
  "val_accuracy": 0.8401503426929029,
  "val_f1": 0.7837706931428653,
  "val_auroc": 0.7666536523235898,
  "test_accuracy": 0.8399115533443892,
  "test_f1": 0.7826382905663909,
  "test_auroc": 0.7714679953883575
}