{
  "val_accuracy": 0.8425823568428035,
  "val_f1": 0.786901960821143,
  "val_auroc": 0.8201959070479375,
  "test_accuracy": 0.8407960199004975,
  "test_f1": 0.7863821070989339,
  "test_auroc": 0.8054143814257644
}