{
  "val_accuracy": 0.812,
  "val_f1": 0.8112651116411036,
  "val_auroc": 0.9039747200000001,
  "test_accuracy": 0.817,
  "test_f1": 0.8161040515834768,
  "test_auroc": 0.9007861599999999
}