{
  "val_rmse": 0.4568515935135967,
  "val_mae": 0.3435495337479373,
  "test_rmse": 0.4564844984877462,
  "test_mae": 0.3419947207049005
}