{
  "val_accuracy": 0.8712,
  "val_f1": 0.8711933226618468,
  "val_auroc": 0.94263936,
  "test_accuracy": 0.8702,
  "test_f1": 0.870192891762753,
  "test_auroc": 0.9445606400000001
}