{
  "val_rmse": 0.479348870825767,
  "val_mae": 0.3593594481989664,
  "test_rmse": 0.47766002043185884,
  "test_mae": 0.357445388189375
}