{
  "val_accuracy": 0.850762768074287,
  "val_f1": 0.8139738443690046,
  "val_auroc": 0.8247310408320895,
  "test_accuracy": 0.8489773355444997,
  "test_f1": 0.8098982725323234,
  "test_auroc": 0.8311144820296169
}