{
  "val_rmse": 0.49024376207741793,
  "val_mae": 0.36622792001311627,
  "test_rmse": 0.4911597589504313,
  "test_mae": 0.37160618764385395
}