{
  "val_accuracy": 0.858,
  "val_f1": 0.8579579782882967,
  "val_auroc": 0.9325811199999999,
  "test_accuracy": 0.833,
  "test_f1": 0.8329116102418178,
  "test_auroc": 0.9164151200000001
}