{
  "val_accuracy": 0.8392,
  "val_f1": 0.8391501751582571,
  "val_auroc": 0.9255424000000001,
  "test_accuracy": 0.8364,
  "test_f1": 0.8363955761363788,
  "test_auroc": 0.9183151199999999
}