{
  "val_rmse": 0.4474387101846208,
  "val_mae": 0.3360823292463846,
  "test_rmse": 0.4530911489632084,
  "test_mae": 0.3430140696617458
}