{
  "val_accuracy": 0.8346230378067654,
  "val_f1": 0.7608845922592082,
  "val_auroc": 0.7846510414533892,
  "test_accuracy": 0.8337202874516307,
  "test_f1": 0.7602022691172418,
  "test_auroc": 0.7655219705291968
}