{
  "val_accuracy": 0.8636,
  "val_f1": 0.8635982322330897,
  "val_auroc": 0.94238272,
  "test_accuracy": 0.8744,
  "test_f1": 0.8743999799039968,
  "test_auroc": 0.9447096
}