{
  "val_accuracy": 0.843687817820031,
  "val_f1": 0.789181555792517,
  "val_auroc": 0.8110497420900801,
  "test_accuracy": 0.8415699281370923,
  "test_f1": 0.7865621055267865,
  "test_auroc": 0.8105026520827857
}