{
  "val_accuracy": 0.854300243201415,
  "val_f1": 0.8417850509164252,
  "val_auroc": 0.8682123022961253,
  "test_accuracy": 0.843338861249309,
  "test_f1": 0.831712649191675,
  "test_auroc": 0.8649538032545938
}