{
  "val_rmse": 0.42952802869503137,
  "val_mae": 0.3146126707075213,
  "test_rmse": 0.4278864543930847,
  "test_mae": 0.3137880942867933
}