{
  "val_accuracy": 0.8284,
  "val_f1": 0.8283799822411285,
  "val_auroc": 0.9101939199999999,
  "test_accuracy": 0.834,
  "test_f1": 0.8338842239487232,
  "test_auroc": 0.9137556800000001
}