{
  "val_rmse": 0.48866852815940254,
  "val_mae": 0.36754275193674424,
  "test_rmse": 0.48519298846403514,
  "test_mae": 0.362100300940224
}