{
  "val_accuracy": 0.8399292504974575,
  "val_f1": 0.7793158448369042,
  "val_auroc": 0.8296502507084935,
  "test_accuracy": 0.8391376451077943,
  "test_f1": 0.7770947115174793,
  "test_auroc": 0.8345323915631162
}