{
  "val_rmse": 0.47573773518464957,
  "val_mae": 0.3548675347376115,
  "test_rmse": 0.47682119904337067,
  "test_mae": 0.35703446406077033
}