{
  "val_rmse": 0.4629706810279972,
  "val_mae": 0.34697608870167834,
  "test_rmse": 0.46364325422689834,
  "test_mae": 0.34509960483475
}