{
  "val_accuracy": 0.8554057041786425,
  "val_f1": 0.8290840217081829,
  "val_auroc": 0.8689785129195008,
  "test_accuracy": 0.848424543946932,
  "test_f1": 0.8176133407045136,
  "test_auroc": 0.8688025758399293
}