{
  "val_accuracy": 0.8423612646473579,
  "val_f1": 0.8111891871324004,
  "val_auroc": 0.8076507745769868,
  "test_accuracy": 0.8417910447761194,
  "test_f1": 0.8100453487376182,
  "test_auroc": 0.8165356174532767
}