{
  "val_rmse": 0.42240163436358225,
  "val_mae": 0.3088809205690573,
  "test_rmse": 0.42112072501993386,
  "test_mae": 0.3064946851447374
}