{
  "val_accuracy": 0.849878399292505,
  "val_f1": 0.8184156938570671,
  "val_auroc": 0.865101215346664,
  "test_accuracy": 0.8503040353786623,
  "test_f1": 0.8164582244435703,
  "test_auroc": 0.8604436207995596
}