{
  "val_accuracy": 0.8425823568428035,
  "val_f1": 0.7929447409463096,
  "val_auroc": 0.8043437664591433,
  "test_accuracy": 0.8422332780541736,
  "test_f1": 0.7902103915379599,
  "test_auroc": 0.8107903501504821
}