{
  "val_accuracy": 0.848109661728941,
  "val_f1": 0.8257852753747272,
  "val_auroc": 0.8513000693313828,
  "test_accuracy": 0.8497512437810946,
  "test_f1": 0.826642019475445,
  "test_auroc": 0.8560067419939263
}