{
  "val_rmse": 0.39779980288909367,
  "val_mae": 0.2857639971607704,
  "test_rmse": 0.3958810721341697,
  "test_mae": 0.28448852507035993
}