{
  "val_accuracy": 0.8464,
  "val_f1": 0.846218020556806,
  "val_auroc": 0.92649472,
  "test_accuracy": 0.8428,
  "test_f1": 0.8426545876637352,
  "test_auroc": 0.9182446400000001
}