{
  "val_rmse": 0.46983788640385915,
  "val_mae": 0.3516576083494776,
  "test_rmse": 0.4686645760565797,
  "test_mae": 0.34947977220889903
}