{
  "val_accuracy": 0.8148,
  "val_f1": 0.8141397948135448,
  "val_auroc": 0.8969955200000002,
  "test_accuracy": 0.816,
  "test_f1": 0.8155239336842229,
  "test_auroc": 0.9029707200000001
}