{
  "val_rmse": 0.497054880453077,
  "val_mae": 0.36704602093726996,
  "test_rmse": 0.4916898972056039,
  "test_mae": 0.3647113190655835
}