{
  "val_accuracy": 0.855184611983197,
  "val_f1": 0.8289111878162391,
  "val_auroc": 0.8689661575305037,
  "test_accuracy": 0.8482034273079049,
  "test_f1": 0.8171474229167699,
  "test_auroc": 0.8689452553694373
}