{
  "val_rmse": 0.4753248211443221,
  "val_mae": 0.36010311175454457,
  "test_rmse": 0.47931133377930935,
  "test_mae": 0.3598218739079423
}