{
  "val_accuracy": 0.8355074065885474,
  "val_f1": 0.7688512452549436,
  "val_auroc": 0.7744075414470348,
  "test_accuracy": 0.8361525704809287,
  "test_f1": 0.7688169596585909,
  "test_auroc": 0.7671083480014186
}