{
  "val_rmse": 0.5089128342872805,
  "val_mae": 0.38572564564370415,
  "test_rmse": 0.5135172579383112,
  "test_mae": 0.38611813307512727
}