{
  "val_accuracy": 0.878,
  "val_f1": 0.8779703028529023,
  "val_auroc": 0.949816,
  "test_accuracy": 0.8804,
  "test_f1": 0.8803839044581838,
  "test_auroc": 0.9517356800000001
}