{
  "val_rmse": 0.5136335768204146,
  "val_mae": 0.3899971365279303,
  "test_rmse": 0.5136683039471587,
  "test_mae": 0.3897213153905072
}