{
  "val_accuracy": 0.8164,
  "val_f1": 0.8162758024424511,
  "val_auroc": 0.9026569600000001,
  "test_accuracy": 0.81,
  "test_f1": 0.8097015816322524,
  "test_auroc": 0.8960229599999999
}