{
  "val_accuracy": 0.8656,
  "val_f1": 0.86558546172354,
  "val_auroc": 0.94508288,
  "test_accuracy": 0.8594,
  "test_f1": 0.8593914453755366,
  "test_auroc": 0.9370025599999999
}