{
  "val_accuracy": 0.85208932124696,
  "val_f1": 0.814274225090224,
  "val_auroc": 0.8623879719229081,
  "test_accuracy": 0.8489773355444997,
  "test_f1": 0.8087068401770067,
  "test_auroc": 0.8677507721817902
}