{
  "val_accuracy": 0.8531947822241874,
  "val_f1": 0.8321685570372663,
  "val_auroc": 0.8672630554100365,
  "test_accuracy": 0.8558319513543394,
  "test_f1": 0.8350301104849377,
  "test_auroc": 0.8652132566891676
}