{
  "val_accuracy": 0.8478885695334955,
  "val_f1": 0.8018363349564726,
  "val_auroc": 0.8443436323149196,
  "test_accuracy": 0.8434494195688226,
  "test_f1": 0.7957768389819925,
  "test_auroc": 0.8395362813786842
}