{
  "val_accuracy": 0.8401503426929029,
  "val_f1": 0.7980333348425742,
  "val_auroc": 0.7902227923743951,
  "test_accuracy": 0.8452183526810393,
  "test_f1": 0.803697910685999,
  "test_auroc": 0.7736684288375586
}