{
  "val_accuracy": 0.8602697324784435,
  "val_f1": 0.8369969938168057,
  "val_auroc": 0.8623480816670032,
  "test_accuracy": 0.847208402432283,
  "test_f1": 0.8184503638488663,
  "test_auroc": 0.8621385635803462
}