{
  "val_accuracy": 0.850320583683396,
  "val_f1": 0.8089541758017383,
  "val_auroc": 0.8330253899713779,
  "test_accuracy": 0.845992260917634,
  "test_f1": 0.8031134837547788,
  "test_auroc": 0.8236420112791412
}