{
  "seed": 42,
  "val_metrics": {
    "accuracy": 0.8708,
    "f1": 0.8707685502343852,
    "auroc": 0.9438367999999999
  },
  "imdb_test_metrics": {
    "accuracy": 0.8778,
    "f1": 0.8777972311785451,
    "auroc": 0.9499478784
  },
  "amazon_metrics": {
    "accuracy": 0.7995,
    "f1": 0.7993370114875807,
    "auroc": 0.890002
  }
}