{
  "seed": 43,
  "val_metrics": {
    "accuracy": 0.8072,
    "f1": 0.8065934771443246,
    "auroc": 0.89682976
  },
  "imdb_test_metrics": {
    "accuracy": 0.8172,
    "f1": 0.8166396731377248,
    "auroc": 0.9037140128000001
  },
  "amazon_metrics": {
    "accuracy": 0.665,
    "f1": 0.6330677181741011,
    "auroc": 0.830106
  }
}