{
  "val_accuracy": 0.8868,
  "val_f1": 0.8867985329089865,
  "val_auroc": 0.9528611200000001,
  "test_accuracy": 0.8818,
  "test_f1": 0.8817846367313896,
  "test_auroc": 0.9512143199999998
}