{
  "val_accuracy": 0.8450143709927039,
  "val_f1": 0.8044234661039132,
  "val_auroc": 0.8204491925223774,
  "test_accuracy": 0.8443338861249309,
  "test_f1": 0.8025761844613477,
  "test_auroc": 0.833005371952691
}