{
  "val_accuracy": 0.852531505637851,
  "val_f1": 0.8313317216791867,
  "val_auroc": 0.8672041025539649,
  "test_accuracy": 0.8558319513543394,
  "test_f1": 0.8349530000520292,
  "test_auroc": 0.8652219507403007
}