{
  "val_accuracy": 0.8390448817156755,
  "val_f1": 0.7830796836134097,
  "val_auroc": 0.7776916038424554,
  "test_accuracy": 0.8389165284687673,
  "test_f1": 0.7797095525980369,
  "test_auroc": 0.7748026273863846
}