{
  "val_accuracy": 0.8148,
  "val_f1": 0.814585661024144,
  "val_auroc": 0.9019872,
  "test_accuracy": 0.8126,
  "test_f1": 0.8124751759761368,
  "test_auroc": 0.89872296
}