{
  "val_accuracy": 0.8432456334291399,
  "val_f1": 0.8375121631336986,
  "val_auroc": 0.8644950952635791,
  "test_accuracy": 0.841901603095633,
  "test_f1": 0.8382354777872517,
  "test_auroc": 0.8594706373207283
}