{
  "val_accuracy": 0.8423612646473579,
  "val_f1": 0.7904545459742421,
  "val_auroc": 0.791559998474992,
  "test_accuracy": 0.8413488114980652,
  "test_f1": 0.7879717343420855,
  "test_auroc": 0.7993112016626204
}