{
  "val_rmse": 0.8770567176677406,
  "val_mae": 0.6163836766179875,
  "test_rmse": 0.8636136012853245,
  "test_mae": 0.612070957882665
}