{
  "val_rmse": 0.5169607078883027,
  "val_mae": 0.3820674736025566,
  "test_rmse": 0.5210551165922703,
  "test_mae": 0.38991119850704775
}