{
  "val_accuracy": 0.8363917753703294,
  "val_f1": 0.7685833299154093,
  "val_auroc": 0.7271435893887683,
  "test_accuracy": 0.8383637368711996,
  "test_f1": 0.7730501941223819,
  "test_auroc": 0.7234265665135513
}