{
  "val_accuracy": 0.845456555383595,
  "val_f1": 0.8064212854166342,
  "val_auroc": 0.8244355705295024,
  "test_accuracy": 0.8468767274737424,
  "test_f1": 0.8063507085772981,
  "test_auroc": 0.8168277287448985
}