{
  "val_accuracy": 0.8144,
  "val_f1": 0.8136744931946216,
  "val_auroc": 0.90332768,
  "test_accuracy": 0.8154,
  "test_f1": 0.8146359963078222,
  "test_auroc": 0.9004331999999999
}