{
  "val_accuracy": 0.8536369666150785,
  "val_f1": 0.8443966508959154,
  "val_auroc": 0.869022286297662,
  "test_accuracy": 0.8480928689883914,
  "test_f1": 0.8373307980754476,
  "test_auroc": 0.8699477191840902
}