{
  "val_accuracy": 0.835286314393102,
  "val_f1": 0.817041598038315,
  "val_auroc": 0.8293719014449451,
  "test_accuracy": 0.8342730790491985,
  "test_f1": 0.8176997635269978,
  "test_auroc": 0.8323839458917563
}