{
  "val_accuracy": 0.8576166261330975,
  "val_f1": 0.8257244246131032,
  "val_auroc": 0.8666456389712973,
  "test_accuracy": 0.8521835268103924,
  "test_f1": 0.8202532015349511,
  "test_auroc": 0.8657130542987184
}