{
  "val_accuracy": 0.8688,
  "val_f1": 0.8687835402072837,
  "val_auroc": 0.9428044800000001,
  "test_accuracy": 0.875,
  "test_f1": 0.8749991549942877,
  "test_auroc": 0.9443934399999999
}