{
  "val_rmse": 0.41674191711068354,
  "val_mae": 0.30290300584034424,
  "test_rmse": 0.4169612089557225,
  "test_mae": 0.30390150989902576
}