{
  "val_accuracy": 0.8756,
  "val_f1": 0.8755966361330411,
  "val_auroc": 0.9473088000000001,
  "test_accuracy": 0.8716,
  "test_f1": 0.8715965279701162,
  "test_auroc": 0.9427638400000001
}