{
  "val_accuracy": 0.8394870661065664,
  "val_f1": 0.7855602527827138,
  "val_auroc": 0.818345422787291,
  "test_accuracy": 0.8384742951907131,
  "test_f1": 0.7862751837616111,
  "test_auroc": 0.8263631610192993
}