{
  "val_rmse": 0.5169818307684648,
  "val_mae": 0.3887036798715963,
  "test_rmse": 0.5181944134317229,
  "test_mae": 0.39387303783795896
}