{
  "val_accuracy": 0.8376,
  "val_f1": 0.8375850318365341,
  "val_auroc": 0.9157596800000001,
  "test_accuracy": 0.8368,
  "test_f1": 0.8367372809938665,
  "test_auroc": 0.91757952
}