{
  "val_accuracy": 0.8403714348883484,
  "val_f1": 0.7845496036178408,
  "val_auroc": 0.7667715580357333,
  "test_accuracy": 0.8398009950248756,
  "test_f1": 0.7825697152930617,
  "test_auroc": 0.7714751448111168
}