{
  "val_rmse": 0.47880871978402556,
  "val_mae": 0.3558544697087022,
  "test_rmse": 0.4767429708887997,
  "test_mae": 0.3588106997701949
}