{
  "val_accuracy": 0.8704,
  "val_f1": 0.8703970139472014,
  "val_auroc": 0.9430406399999999,
  "test_accuracy": 0.8734,
  "test_f1": 0.8733998733998735,
  "test_auroc": 0.9457841600000001
}