{
  "val_rmse": 0.4134094675698544,
  "val_mae": 0.3003661062828738,
  "test_rmse": 0.4086532604357059,
  "test_mae": 0.29652255375213105
}