{
  "val_accuracy": 0.866,
  "val_f1": 0.865992259712921,
  "val_auroc": 0.94145472,
  "test_accuracy": 0.8738,
  "test_f1": 0.8737915137413839,
  "test_auroc": 0.9446204799999999
}