{
  "val_accuracy": 0.8456776475790405,
  "val_f1": 0.806816271665195,
  "val_auroc": 0.8243287846674565,
  "test_accuracy": 0.8468767274737424,
  "test_f1": 0.8063507085772981,
  "test_auroc": 0.8165770134936969
}