{
  "val_accuracy": 0.8408136192792395,
  "val_f1": 0.8058237563811314,
  "val_auroc": 0.8471846657620168,
  "test_accuracy": 0.8430071862907684,
  "test_f1": 0.8098940181858637,
  "test_auroc": 0.8432175721160509
}