{
  "val_accuracy": 0.8485518461198319,
  "val_f1": 0.8184081200887255,
  "val_auroc": 0.8602778479877659,
  "test_accuracy": 0.8453289110005527,
  "test_f1": 0.8141922713174775,
  "test_auroc": 0.8575767464053851
}