{
  "val_accuracy": 0.8571744417422065,
  "val_f1": 0.8427307928781588,
  "val_auroc": 0.8746637569137227,
  "test_accuracy": 0.8509673852957435,
  "test_f1": 0.8373406392048064,
  "test_auroc": 0.871899952919727
}