{
  "val_accuracy": 0.8483307539243865,
  "val_f1": 0.816847778519591,
  "val_auroc": 0.8675968274185145,
  "test_accuracy": 0.8504145936981757,
  "test_f1": 0.8157944930453092,
  "test_auroc": 0.8692750555933818
}