{
  "val_rmse": 0.696906878923337,
  "val_mae": 0.503461100965407,
  "test_rmse": 0.7272192287023107,
  "test_mae": 0.5188655208307855
}