{
  "val_rmse": 0.4657386009656505,
  "val_mae": 0.35002796933465946,
  "test_rmse": 0.46784875556962674,
  "test_mae": 0.347973569672217
}