{
  "val_accuracy": 0.8452354631881495,
  "val_f1": 0.7935375268454087,
  "val_auroc": 0.7696459510331223,
  "test_accuracy": 0.8405749032614704,
  "test_f1": 0.7877779297693858,
  "test_auroc": 0.7678040486210176
}