{
  "val_rmse": 0.5673760994827617,
  "val_mae": 0.417560160925577,
  "test_rmse": 0.585775690012555,
  "test_mae": 0.42826779311238716
}