{
  "val_accuracy": 0.854,
  "val_f1": 0.8539829685734545,
  "val_auroc": 0.9237504000000001,
  "test_accuracy": 0.8292,
  "test_f1": 0.8291584239940631,
  "test_auroc": 0.9112151999999999
}