{
  "val_accuracy": 0.8430245412336944,
  "val_f1": 0.8007889345586534,
  "val_auroc": 0.8131473341306679,
  "test_accuracy": 0.8458817025981205,
  "test_f1": 0.8031626053682378,
  "test_auroc": 0.8125265124427318
}