{
  "val_accuracy": 0.8408136192792395,
  "val_f1": 0.7894439023249389,
  "val_auroc": 0.865687037290682,
  "test_accuracy": 0.8416804864566059,
  "test_f1": 0.7889474544738743,
  "test_auroc": 0.8684981075213163
}