{
  "val_accuracy": 0.8248,
  "val_f1": 0.8247838520798078,
  "val_auroc": 0.9062256,
  "test_accuracy": 0.815,
  "test_f1": 0.8149742370127616,
  "test_auroc": 0.89858392
}