{
  "val_accuracy": 0.839708158302012,
  "val_f1": 0.776023673134232,
  "val_auroc": 0.8732333558789765,
  "test_accuracy": 0.8362631288004422,
  "test_f1": 0.770750413933465,
  "test_auroc": 0.8720742311325409
}