{
  "val_accuracy": 0.858279902719434,
  "val_f1": 0.8291444428892124,
  "val_auroc": 0.8708111701188801,
  "test_accuracy": 0.8507462686567164,
  "test_f1": 0.818556527374437,
  "test_auroc": 0.8743153986385734
}