{
  "val_accuracy": 0.8339597612204289,
  "val_f1": 0.7621782996074757,
  "val_auroc": 0.8315875757032334,
  "test_accuracy": 0.8336097291321172,
  "test_f1": 0.7607625602842996,
  "test_auroc": 0.8368180884985558
}