{
  "val_rmse": 0.5817473308264268,
  "val_mae": 0.455922217204399,
  "test_rmse": 0.5863106719029958,
  "test_mae": 0.460575740313996
}