{
  "val_accuracy": 0.848994030510723,
  "val_f1": 0.8099186486143336,
  "val_auroc": 0.8128306831612286,
  "test_accuracy": 0.8467661691542289,
  "test_f1": 0.8051672589034234,
  "test_auroc": 0.817028706962461
}