{
  "val_accuracy": 0.8571744417422065,
  "val_f1": 0.8383542539770664,
  "val_auroc": 0.8720901293856336,
  "test_accuracy": 0.8490878938640133,
  "test_f1": 0.8328288059123878,
  "test_auroc": 0.8694099237165418
}