{
  "val_rmse": 0.43184037243020085,
  "val_mae": 0.316986691701271,
  "test_rmse": 0.4234114482169682,
  "test_mae": 0.31247485991891694
}