{
  "val_accuracy": 0.847225292947159,
  "val_f1": 0.816419965029888,
  "val_auroc": 0.8511881648081807,
  "test_accuracy": 0.8451077943615257,
  "test_f1": 0.8119660298843364,
  "test_auroc": 0.8579718623434254
}