{
  "val_rmse": 0.44271996390996854,
  "val_mae": 0.3273410980826556,
  "test_rmse": 0.436714794141465,
  "test_mae": 0.3251594645023172
}