{
  "val_accuracy": 0.861375193455671,
  "val_f1": 0.8480350865811204,
  "val_auroc": 0.8818034066984566,
  "test_accuracy": 0.8503040353786623,
  "test_f1": 0.8383165910087872,
  "test_auroc": 0.8760214627436518
}