{
  "val_rmse": 0.42044409872690286,
  "val_mae": 0.30738944014239855,
  "test_rmse": 0.4158161052680914,
  "test_mae": 0.30595943732579817
}