{
  "val_accuracy": 0.8423612646473579,
  "val_f1": 0.7958748394855035,
  "val_auroc": 0.8287666638896459,
  "test_accuracy": 0.8430071862907684,
  "test_f1": 0.7935042617391741,
  "test_auroc": 0.8183615005879297
}