{
  "val_accuracy": 0.8412558036701304,
  "val_f1": 0.7900287803740362,
  "val_auroc": 0.800587904709592,
  "test_accuracy": 0.841901603095633,
  "test_f1": 0.7887867503949789,
  "test_auroc": 0.7938135603542795
}