{
  "val_rmse": 0.5397595109683033,
  "val_mae": 0.39641457850387146,
  "test_rmse": 0.5456507734320061,
  "test_mae": 0.4056560783344627
}