{
  "seed": 42,
  "val_metrics": {
    "accuracy": 0.8608,
    "f1": 0.8607799523131332,
    "auroc": 0.93542272
  },
  "imdb_test_metrics": {
    "accuracy": 0.86148,
    "f1": 0.8614799501327821,
    "auroc": 0.9392511232
  },
  "amazon_metrics": {
    "accuracy": 0.781,
    "f1": 0.7809734977932329,
    "auroc": 0.869912
  }
}