{
  "val_accuracy": 0.8412558036701304,
  "val_f1": 0.7900287803740362,
  "val_auroc": 0.8009042026679167,
  "test_accuracy": 0.841901603095633,
  "test_f1": 0.7886341724823784,
  "test_auroc": 0.7939954734444842
}