{
  "val_accuracy": 0.8132,
  "val_f1": 0.8131545292862472,
  "val_auroc": 0.89399104,
  "test_accuracy": 0.8124,
  "test_f1": 0.812261103254632,
  "test_auroc": 0.89929944
}