{
  "val_accuracy": 0.8487729383152774,
  "val_f1": 0.838413324435904,
  "val_auroc": 0.8609845762383983,
  "test_accuracy": 0.8426755113322277,
  "test_f1": 0.8296553135180353,
  "test_auroc": 0.8578896439816953
}