{
  "val_accuracy": 0.8456776475790405,
  "val_f1": 0.8354638248351076,
  "val_auroc": 0.8681102820841211,
  "test_accuracy": 0.8493090105030403,
  "test_f1": 0.8388984296876277,
  "test_auroc": 0.8665725296581888
}