{
  "val_accuracy": 0.8892,
  "val_f1": 0.8891991313211897,
  "val_auroc": 0.95377408,
  "test_accuracy": 0.8828,
  "test_f1": 0.8827684694075318,
  "test_auroc": 0.9519436
}