{
  "val_accuracy": 0.848109661728941,
  "val_f1": 0.8025252281347101,
  "val_auroc": 0.8732471233124304,
  "test_accuracy": 0.8415699281370923,
  "test_f1": 0.7990072462577927,
  "test_auroc": 0.8651801133774881
}