{
  "val_accuracy": 0.8430245412336944,
  "val_f1": 0.8007889345586534,
  "val_auroc": 0.8129958923626753,
  "test_accuracy": 0.845992260917634,
  "test_f1": 0.8033671024463934,
  "test_auroc": 0.8127493361187248
}