{
  "val_accuracy": 0.850762768074287,
  "val_f1": 0.8212520355040256,
  "val_auroc": 0.8645314554083421,
  "test_accuracy": 0.8509673852957435,
  "test_f1": 0.818003011529611,
  "test_auroc": 0.8609595266764382
}