{
  "val_accuracy": 0.837939420738448,
  "val_f1": 0.7739145666205193,
  "val_auroc": 0.710903313079909,
  "test_accuracy": 0.8362631288004422,
  "test_f1": 0.7694450737699154,
  "test_auroc": 0.7173205622870951
}