{
  "val_accuracy": 0.8470042007517135,
  "val_f1": 0.8050965543732398,
  "val_auroc": 0.8101063198873754,
  "test_accuracy": 0.845771144278607,
  "test_f1": 0.8023192635501365,
  "test_auroc": 0.8005742663500679
}