{
  "val_accuracy": 0.8088,
  "val_f1": 0.8085407181821911,
  "val_auroc": 0.89882496,
  "test_accuracy": 0.8196,
  "test_f1": 0.8194741807249982,
  "test_auroc": 0.90243392
}