{
  "val_rmse": 0.4565835344398633,
  "val_mae": 0.3444700526114925,
  "test_rmse": 0.4483727562687158,
  "test_mae": 0.33792008312510224
}