{
  "val_rmse": 0.48035944318777285,
  "val_mae": 0.36207977589214874,
  "test_rmse": 0.48325694285593135,
  "test_mae": 0.3620745551895263
}