{
  "val_accuracy": 0.8443510944063675,
  "val_f1": 0.8009504327471252,
  "val_auroc": 0.8381661143219434,
  "test_accuracy": 0.8443338861249309,
  "test_f1": 0.7981602060850526,
  "test_auroc": 0.8287168657354292
}