{
  "val_accuracy": 0.8434667256245855,
  "val_f1": 0.8010979401363544,
  "val_auroc": 0.8073099423462249,
  "test_accuracy": 0.8462133775566612,
  "test_f1": 0.8039014947474794,
  "test_auroc": 0.805211858579828
}