{
  "seed": 43,
  "val_metrics": {
    "accuracy": 0.87,
    "f1": 0.8699964847049465,
    "auroc": 0.94425216
  },
  "imdb_test_metrics": {
    "accuracy": 0.86204,
    "f1": 0.8620393799497893,
    "auroc": 0.9383365632
  },
  "amazon_metrics": {
    "accuracy": 0.792,
    "f1": 0.7919981279831518,
    "auroc": 0.8714010000000001
  }
}