{
  "val_accuracy": 0.859606455892107,
  "val_f1": 0.8343063414198876,
  "val_auroc": 0.879388281160644,
  "test_accuracy": 0.8514096185737977,
  "test_f1": 0.8302859975071186,
  "test_auroc": 0.8733939616151906
}