{
  "val_rmse": 0.4512278103326124,
  "val_mae": 0.3394518527106136,
  "test_rmse": 0.4495961552767871,
  "test_mae": 0.33697320804918196
}