{
  "val_accuracy": 0.847225292947159,
  "val_f1": 0.7991910551465353,
  "val_auroc": 0.8418464316930554,
  "test_accuracy": 0.8431177446102819,
  "test_f1": 0.7932904243352005,
  "test_auroc": 0.8373420264429786
}