{
  "val_accuracy": 0.8383816051293389,
  "val_f1": 0.781702401925937,
  "val_auroc": 0.7777789740932204,
  "test_accuracy": 0.8390270867882809,
  "test_f1": 0.779776700994587,
  "test_auroc": 0.7747273377862174
}