{
  "val_accuracy": 0.8624806544328986,
  "val_f1": 0.8365966314789328,
  "val_auroc": 0.8744427719562322,
  "test_accuracy": 0.858595909342178,
  "test_f1": 0.8347569589211749,
  "test_auroc": 0.8731957195964618
}