{
  "val_accuracy": 0.8236,
  "val_f1": 0.8234494659526499,
  "val_auroc": 0.9055647999999998,
  "test_accuracy": 0.8106,
  "test_f1": 0.8104997543700617,
  "test_auroc": 0.89675104
}