{
  "val_accuracy": 0.8450143709927039,
  "val_f1": 0.7933910470650858,
  "val_auroc": 0.7699101798521025,
  "test_accuracy": 0.8405749032614704,
  "test_f1": 0.7877779297693858,
  "test_auroc": 0.767745043817135
}