{
  "seed": 42,
  "val_metrics": {
    "accuracy": 0.81,
    "f1": 0.8091483742414752,
    "auroc": 0.89877952
  },
  "imdb_test_metrics": {
    "accuracy": 0.81664,
    "f1": 0.8159084123725585,
    "auroc": 0.9051557631999999
  },
  "amazon_metrics": {
    "accuracy": 0.667,
    "f1": 0.6357275767351346,
    "auroc": 0.8355305
  }
}