{
  "val_accuracy": 0.8341808534158744,
  "val_f1": 0.759410097434953,
  "val_auroc": 0.8713235657511442,
  "test_accuracy": 0.8344941956882256,
  "test_f1": 0.7599703337642251,
  "test_auroc": 0.8732911334977289
}