{
  "val_rmse": 0.47371064004820596,
  "val_mae": 0.35043168760630916,
  "test_rmse": 0.48033245495698285,
  "test_mae": 0.35567653168058383
}