{
  "seed": 44,
  "val_metrics": {
    "accuracy": 0.8112,
    "f1": 0.810149106960706,
    "auroc": 0.90032576
  },
  "imdb_test_metrics": {
    "accuracy": 0.81772,
    "f1": 0.8169427709305519,
    "auroc": 0.9046483776
  },
  "amazon_metrics": {
    "accuracy": 0.6595,
    "f1": 0.6269228061650322,
    "auroc": 0.8324045
  }
}