{
  "val_accuracy": 0.8589431793057705,
  "val_f1": 0.8318611535354452,
  "val_auroc": 0.8723504750823574,
  "test_accuracy": 0.857379767827529,
  "test_f1": 0.8333774012902673,
  "test_auroc": 0.8706351670749488
}