{
  "val_rmse": 0.45722258406576083,
  "val_mae": 0.33541662516557114,
  "test_rmse": 0.4585154926686899,
  "test_mae": 0.33530787853970045
}