{
  "val_accuracy": 0.824,
  "val_f1": 0.8238619077356648,
  "val_auroc": 0.9028806400000001,
  "test_accuracy": 0.8198,
  "test_f1": 0.8196129675092323,
  "test_auroc": 0.9006860799999998
}