{
  "val_accuracy": 0.8752,
  "val_f1": 0.8751948879826117,
  "val_auroc": 0.94747712,
  "test_accuracy": 0.8656,
  "test_f1": 0.8655865586558655,
  "test_auroc": 0.93890016
}