{
  "val_accuracy": 0.836170683174884,
  "val_f1": 0.7927454408317999,
  "val_auroc": 0.810665136481157,
  "test_accuracy": 0.8359314538419016,
  "test_f1": 0.7895019903670657,
  "test_auroc": 0.8054117776236485
}