{
  "val_rmse": 0.5831500462207684,
  "val_mae": 0.45765675849723203,
  "test_rmse": 0.5832039362532303,
  "test_mae": 0.45878173432702174
}