{
  "val_accuracy": 0.8505416758788414,
  "val_f1": 0.8283320028698985,
  "val_auroc": 0.8418817328044756,
  "test_accuracy": 0.8441127694859039,
  "test_f1": 0.8231728896529925,
  "test_auroc": 0.8454429402804304
}