{
  "val_accuracy": 0.8441300022109219,
  "val_f1": 0.7956878154764029,
  "val_auroc": 0.7757807546812804,
  "test_accuracy": 0.8402432283029297,
  "test_f1": 0.7895029338719977,
  "test_auroc": 0.7680014079949612
}