{
  "val_rmse": 0.45574370564481603,
  "val_mae": 0.3378643734226553,
  "test_rmse": 0.45406190159069065,
  "test_mae": 0.33660150807181516
}