{
  "val_accuracy": 0.8824,
  "val_f1": 0.882399924735952,
  "val_auroc": 0.9477875199999999,
  "test_accuracy": 0.8682,
  "test_f1": 0.8681927822367553,
  "test_auroc": 0.94171984
}