{
  "val_accuracy": 0.8531947822241874,
  "val_f1": 0.8300830127004092,
  "val_auroc": 0.8695389180632963,
  "test_accuracy": 0.8531785516860144,
  "test_f1": 0.8275164354077684,
  "test_auroc": 0.8685283822374443
}