{
  "val_accuracy": 0.8653548529736901,
  "val_f1": 0.843930191810115,
  "val_auroc": 0.8766446787810668,
  "test_accuracy": 0.8551686014372581,
  "test_f1": 0.830962690482291,
  "test_auroc": 0.8777642890040288
}