{
  "val_accuracy": 0.844,
  "val_f1": 0.8439516624669657,
  "val_auroc": 0.9239135999999999,
  "test_accuracy": 0.8338,
  "test_f1": 0.8337936110264078,
  "test_auroc": 0.91836312
}