{
  "val_rmse": 0.49527682428188363,
  "val_mae": 0.37287869825368475,
  "test_rmse": 0.4915356150109454,
  "test_mae": 0.36761416232537003
}