{
  "val_accuracy": 0.855184611983197,
  "val_f1": 0.8348268073946825,
  "val_auroc": 0.8660428724937976,
  "test_accuracy": 0.8454394693200663,
  "test_f1": 0.8266173217098715,
  "test_auroc": 0.8622125733455749
}