{
  "val_rmse": 0.45944324626722566,
  "val_mae": 0.3435592497330843,
  "test_rmse": 0.4599824936057893,
  "test_mae": 0.3460821038810528
}