{
  "val_rmse": 0.4869027457789013,
  "val_mae": 0.3666667165668894,
  "test_rmse": 0.48983295920255215,
  "test_mae": 0.3661724558782958
}