{
  "val_accuracy": 0.8788,
  "val_f1": 0.878792999083627,
  "val_auroc": 0.9473887999999999,
  "test_accuracy": 0.871,
  "test_f1": 0.8709950410493781,
  "test_auroc": 0.9423288
}