{
  "seed": 42,
  "val_metrics": {
    "accuracy": 0.84,
    "f1": 0.8399015330388804,
    "auroc": 0.91864
  },
  "imdb_test_metrics": {
    "accuracy": 0.84884,
    "f1": 0.8487792695126831,
    "auroc": 0.9286484160000001
  },
  "amazon_metrics": {
    "accuracy": 0.7595,
    "f1": 0.7538503107959666,
    "auroc": 0.8678835
  }
}