{
  "val_accuracy": 0.8399292504974575,
  "val_f1": 0.826913224527589,
  "val_auroc": 0.8483600162667522,
  "test_accuracy": 0.8404643449419569,
  "test_f1": 0.8294427249004013,
  "test_auroc": 0.8510569141714446
}