{
  "val_accuracy": 0.8428,
  "val_f1": 0.8427957491970582,
  "val_auroc": 0.9228931199999999,
  "test_accuracy": 0.8404,
  "test_f1": 0.8403990806987047,
  "test_auroc": 0.9219575999999999
}