{
  "val_accuracy": 0.848,
  "val_f1": 0.8479984435040616,
  "val_auroc": 0.92655904,
  "test_accuracy": 0.8426,
  "test_f1": 0.8425922870220642,
  "test_auroc": 0.92223888
}