{
  "val_accuracy": 0.8399292504974575,
  "val_f1": 0.7976272750166215,
  "val_auroc": 0.7899977477890915,
  "test_accuracy": 0.8449972360420122,
  "test_f1": 0.8035416022098407,
  "test_auroc": 0.7736324169303274
}