{
  "val_accuracy": 0.845456555383595,
  "val_f1": 0.7948611366319601,
  "val_auroc": 0.8339949349965334,
  "test_accuracy": 0.8422332780541736,
  "test_f1": 0.7906576680329657,
  "test_auroc": 0.8298338968431855
}