{
  "val_accuracy": 0.850320583683396,
  "val_f1": 0.8240690299221767,
  "val_auroc": 0.8515251139166865,
  "test_accuracy": 0.8461028192371476,
  "test_f1": 0.8182761048943363,
  "test_auroc": 0.8542580020134892
}