{
  "val_rmse": 0.4593175719844265,
  "val_mae": 0.3436398014424407,
  "test_rmse": 0.45584506097821337,
  "test_mae": 0.3398436803239665
}