{
  "val_accuracy": 0.850762768074287,
  "val_f1": 0.8389339240528704,
  "val_auroc": 0.8621804013877573,
  "test_accuracy": 0.8461028192371476,
  "test_f1": 0.8367348940142807,
  "test_auroc": 0.8612416199497493
}