{
  "val_accuracy": 0.8476,
  "val_f1": 0.847595878992568,
  "val_auroc": 0.9253494400000001,
  "test_accuracy": 0.8484,
  "test_f1": 0.8483417389624397,
  "test_auroc": 0.9253268
}