{
  "val_accuracy": 0.8368339597612204,
  "val_f1": 0.7784588505205329,
  "val_auroc": 0.8291690965598361,
  "test_accuracy": 0.8392482034273079,
  "test_f1": 0.7792339452588843,
  "test_auroc": 0.8278506822755924
}