{
  "val_accuracy": 0.8357284987839929,
  "val_f1": 0.7689740981725386,
  "val_auroc": 0.7742335069677334,
  "test_accuracy": 0.8360420121614152,
  "test_f1": 0.7685660345581553,
  "test_auroc": 0.7665480009596113
}