{
  "val_rmse": 0.4099331458894685,
  "val_mae": 0.29590232146984996,
  "test_rmse": 0.4065187748269052,
  "test_mae": 0.29369619857078816
}