{
  "val_rmse": 0.6617183274351334,
  "val_mae": 0.5077046944066927,
  "test_rmse": 0.662447390088917,
  "test_mae": 0.505710422269611
}