{
  "val_accuracy": 0.861375193455671,
  "val_f1": 0.834847728025415,
  "val_auroc": 0.8731775801229326,
  "test_accuracy": 0.8530679933665009,
  "test_f1": 0.8232006781884016,
  "test_auroc": 0.8756066638269042
}