{
  "val_rmse": 0.42271379374909973,
  "val_mae": 0.30530288968579583,
  "test_rmse": 0.41873596263089574,
  "test_mae": 0.30310483365393787
}