{
  "val_rmse": 0.48553235828921526,
  "val_mae": 0.3617209267011959,
  "test_rmse": 0.4828139289742351,
  "test_mae": 0.3645557055573187
}