{
  "val_rmse": 0.48619569597487916,
  "val_mae": 0.3640128844552241,
  "test_rmse": 0.48526878777359866,
  "test_mae": 0.36338840607083134
}