{
  "val_rmse": 0.5240504038425026,
  "val_mae": 0.39489445995311656,
  "test_rmse": 0.5253285156821736,
  "test_mae": 0.39976504765670584
}