{
  "val_accuracy": 0.8394870661065664,
  "val_f1": 0.8002794713578331,
  "val_auroc": 0.8397401908801696,
  "test_accuracy": 0.8410171365395246,
  "test_f1": 0.801466523716879,
  "test_auroc": 0.8388523199347266
}