{
  "val_accuracy": 0.8470042007517135,
  "val_f1": 0.8050965543732398,
  "val_auroc": 0.8101830998047143,
  "test_accuracy": 0.845771144278607,
  "test_f1": 0.8024475978866473,
  "test_auroc": 0.8005591731242431
}