{
  "val_accuracy": 0.8176,
  "val_f1": 0.8175662570549048,
  "val_auroc": 0.9035900800000001,
  "test_accuracy": 0.8176,
  "test_f1": 0.8175942797566131,
  "test_auroc": 0.8990400799999999
}