{
  "val_rmse": 0.4955655789031048,
  "val_mae": 0.3729775775032289,
  "test_rmse": 0.4951581365943994,
  "test_mae": 0.37125869853522936
}