{
  "val_accuracy": 0.8724,
  "val_f1": 0.8723989996081569,
  "val_auroc": 0.9496473600000002,
  "test_accuracy": 0.8626,
  "test_f1": 0.8625888696984455,
  "test_auroc": 0.9385572799999999
}