{
  "val_rmse": 0.4810747329147511,
  "val_mae": 0.35985615966702444,
  "test_rmse": 0.4852647230374213,
  "test_mae": 0.35987276194925355
}