{
  "val_rmse": 0.41428468623630793,
  "val_mae": 0.3003011832144923,
  "test_rmse": 0.40930399612078494,
  "test_mae": 0.29633023664370867
}