{
  "val_accuracy": 0.848994030510723,
  "val_f1": 0.8259763129557051,
  "val_auroc": 0.8637790122184208,
  "test_accuracy": 0.8515201768933113,
  "test_f1": 0.8289288474777624,
  "test_auroc": 0.8593909786288749
}