{
  "val_rmse": 0.42644580635334156,
  "val_mae": 0.313246982854091,
  "test_rmse": 0.4215864182964496,
  "test_mae": 0.3111169155973217
}