{
  "val_accuracy": 0.8812,
  "val_f1": 0.881198460332046,
  "val_auroc": 0.94655552,
  "test_accuracy": 0.864,
  "test_f1": 0.8639957349062466,
  "test_auroc": 0.94156928
}