{
  "val_rmse": 0.49623184242852814,
  "val_mae": 0.366265173703584,
  "test_rmse": 0.49310733171136284,
  "test_mae": 0.3645182750689718
}