{
  "val_rmse": 0.46152137049624475,
  "val_mae": 0.34600944689654217,
  "test_rmse": 0.4659503621689827,
  "test_mae": 0.3517952960583702
}