{
  "val_accuracy": 0.850320583683396,
  "val_f1": 0.8104076249861859,
  "val_auroc": 0.8751761525459868,
  "test_accuracy": 0.8493090105030403,
  "test_f1": 0.8108419239669402,
  "test_auroc": 0.8744031335302102
}