{
  "val_rmse": 0.4001026458936718,
  "val_mae": 0.28931237748559907,
  "test_rmse": 0.3971748243375353,
  "test_mae": 0.2861003394095733
}