{
  "val_rmse": 0.485899712589737,
  "val_mae": 0.36576689829645104,
  "test_rmse": 0.4883227107907955,
  "test_mae": 0.36477833257898035
}