{
  "seed": 44,
  "val_metrics": {
    "accuracy": 0.8724,
    "f1": 0.8723989996081569,
    "auroc": 0.943264
  },
  "imdb_test_metrics": {
    "accuracy": 0.86132,
    "f1": 0.8613193287855513,
    "auroc": 0.9382271743999999
  },
  "amazon_metrics": {
    "accuracy": 0.785,
    "f1": 0.7849894644837596,
    "auroc": 0.8708549999999999
  }
}