{
  "val_accuracy": 0.837055051956666,
  "val_f1": 0.8118570566202898,
  "val_auroc": 0.8353452025083558,
  "test_accuracy": 0.8410171365395246,
  "test_f1": 0.8184161193565748,
  "test_auroc": 0.8366827790530033
}