{
  "val_accuracy": 0.818,
  "val_f1": 0.8177690477803949,
  "val_auroc": 0.90106592,
  "test_accuracy": 0.8158,
  "test_f1": 0.8153638969099455,
  "test_auroc": 0.90018152
}