{
  "val_accuracy": 0.8224,
  "val_f1": 0.8223907927386955,
  "val_auroc": 0.90296288,
  "test_accuracy": 0.8184,
  "test_f1": 0.8183832622014444,
  "test_auroc": 0.8989049599999999
}