{
  "val_rmse": 0.4963731902333443,
  "val_mae": 0.37144416179696066,
  "test_rmse": 0.5037246831803743,
  "test_mae": 0.37528277723224834
}