{
  "val_accuracy": 0.8425823568428035,
  "val_f1": 0.7929447409463096,
  "val_auroc": 0.8044281361154373,
  "test_accuracy": 0.8425649530127142,
  "test_f1": 0.7908750150060222,
  "test_auroc": 0.8113856940580176
}