{
  "val_accuracy": 0.8852,
  "val_f1": 0.8851691150851934,
  "val_auroc": 0.9542662399999998,
  "test_accuracy": 0.8722,
  "test_f1": 0.8721756571321443,
  "test_auroc": 0.9461584000000001
}