{
  "val_rmse": 0.5659881412797514,
  "val_mae": 0.42356892205723207,
  "test_rmse": 0.5540531566170189,
  "test_mae": 0.41340974127996993
}