{
  "val_rmse": 0.39543304658881817,
  "val_mae": 0.28558869732361797,
  "test_rmse": 0.3898074527204041,
  "test_mae": 0.28293018828193406
}