{
  "val_accuracy": 0.8232,
  "val_f1": 0.8228935065867586,
  "val_auroc": 0.9049583999999999,
  "test_accuracy": 0.8204,
  "test_f1": 0.8201347779381566,
  "test_auroc": 0.90096072
}