{
  "val_accuracy": 0.837055051956666,
  "val_f1": 0.8202085590505013,
  "val_auroc": 0.8072381045844848,
  "test_accuracy": 0.8347153123272526,
  "test_f1": 0.8162137901244709,
  "test_auroc": 0.8143895990550758
}