{
  "val_accuracy": 0.8474463851426045,
  "val_f1": 0.8252707836879878,
  "val_auroc": 0.8681272266176029,
  "test_accuracy": 0.8518518518518519,
  "test_f1": 0.8279432704116673,
  "test_auroc": 0.8691275215175558
}