{
  "val_accuracy": 0.840592527083794,
  "val_f1": 0.7901817187621102,
  "val_auroc": 0.8075747006818763,
  "test_accuracy": 0.8426755113322277,
  "test_f1": 0.7906490409289252,
  "test_auroc": 0.7943260680487353
}