{
  "val_accuracy": 0.8485518461198319,
  "val_f1": 0.8277375484242927,
  "val_auroc": 0.8517628669021016,
  "test_accuracy": 0.8422332780541736,
  "test_f1": 0.821804755508208,
  "test_auroc": 0.8496302954053221
}