{
  "val_accuracy": 0.8408136192792395,
  "val_f1": 0.8162851501416474,
  "val_auroc": 0.8529011512398457,
  "test_accuracy": 0.8438916528468767,
  "test_f1": 0.8198379574170471,
  "test_auroc": 0.8469349630251273
}