{
  "val_accuracy": 0.841919080256467,
  "val_f1": 0.8329411123045231,
  "val_auroc": 0.8553921741672116,
  "test_accuracy": 0.845771144278607,
  "test_f1": 0.8370404818114625,
  "test_auroc": 0.8559080623069545
}