{
  "val_rmse": 0.4404953224380679,
  "val_mae": 0.327721552073099,
  "test_rmse": 0.4396258341348357,
  "test_mae": 0.32719329176678924
}