{
  "val_accuracy": 0.851204952465178,
  "val_f1": 0.8095923078455746,
  "val_auroc": 0.8572234193221339,
  "test_accuracy": 0.8473189607517966,
  "test_f1": 0.8041758117565819,
  "test_auroc": 0.8589438307807541
}