{
  "val_accuracy": 0.848109661728941,
  "val_f1": 0.8348060052698888,
  "val_auroc": 0.870356491803788,
  "test_accuracy": 0.8545052515201769,
  "test_f1": 0.8419466727760917,
  "test_auroc": 0.8680935031518363
}