{
  "val_rmse": 0.46863282481001683,
  "val_mae": 0.34969868437194646,
  "test_rmse": 0.465037496544861,
  "test_mae": 0.3492686582741305
}