{
  "val_accuracy": 0.8423612646473579,
  "val_f1": 0.7933693793399649,
  "val_auroc": 0.8291120852648924,
  "test_accuracy": 0.8399115533443892,
  "test_f1": 0.7895785319923404,
  "test_auroc": 0.8340792417304569
}