{
  "val_accuracy": 0.8458987397744859,
  "val_f1": 0.7954480861694939,
  "val_auroc": 0.8336784605326515,
  "test_accuracy": 0.8424543946932007,
  "test_f1": 0.7910992222899003,
  "test_auroc": 0.8293398364247379
}