{
  "val_accuracy": 0.850762768074287,
  "val_f1": 0.8245887669091128,
  "val_auroc": 0.8682761973077959,
  "test_accuracy": 0.8526257600884467,
  "test_f1": 0.824284705115487,
  "test_auroc": 0.8652793667835701
}