{
  "val_accuracy": 0.835286314393102,
  "val_f1": 0.7911008762320871,
  "val_auroc": 0.8450177070374884,
  "test_accuracy": 0.8440022111663903,
  "test_f1": 0.8019676154182249,
  "test_auroc": 0.844880254229943
}