{
  "seed": 44,
  "val_metrics": {
    "accuracy": 0.8428,
    "f1": 0.8427490506924243,
    "auroc": 0.92433728
  },
  "imdb_test_metrics": {
    "accuracy": 0.84896,
    "f1": 0.8489144674134785,
    "auroc": 0.9293775488
  },
  "amazon_metrics": {
    "accuracy": 0.7485,
    "f1": 0.7412401695056942,
    "auroc": 0.8687674999999999
  }
}