{
  "val_accuracy": 0.8485518461198319,
  "val_f1": 0.8112179013226195,
  "val_auroc": 0.8694042443232283,
  "test_accuracy": 0.8435599778883361,
  "test_f1": 0.8043449786756594,
  "test_auroc": 0.8653789732475663
}