{
  "val_rmse": 0.7216265799006728,
  "val_mae": 0.5160187098773292,
  "test_rmse": 0.711633185786116,
  "test_mae": 0.5108495741432699
}