{
  "val_rmse": 0.5026180969553595,
  "val_mae": 0.3802954608227282,
  "test_rmse": 0.5070464944837664,
  "test_mae": 0.3806766891436082
}