{
  "val_rmse": 0.8842242460079058,
  "val_mae": 0.690505914248073,
  "test_rmse": 0.8939050683004308,
  "test_mae": 0.696722763859718
}