{
  "val_rmse": 0.47126631822890086,
  "val_mae": 0.35586746114145495,
  "test_rmse": 0.47354965208829586,
  "test_mae": 0.35427317393217483
}