{
  "val_rmse": 0.41420864107339067,
  "val_mae": 0.2993774324479769,
  "test_rmse": 0.40794480476566797,
  "test_mae": 0.29882948050742875
}