{
  "val_accuracy": 0.8554057041786425,
  "val_f1": 0.8263442383562984,
  "val_auroc": 0.8689915743307263,
  "test_accuracy": 0.852294085129906,
  "test_f1": 0.8224147590411354,
  "test_auroc": 0.8675754347952344
}