{
  "val_accuracy": 0.8432456334291399,
  "val_f1": 0.7895146498659807,
  "val_auroc": 0.8735238840259647,
  "test_accuracy": 0.8390270867882809,
  "test_f1": 0.7802793676096536,
  "test_auroc": 0.8768347316486232
}