{
  "val_accuracy": 0.814,
  "val_f1": 0.8126140938380261,
  "val_auroc": 0.90529472,
  "test_accuracy": 0.8086,
  "test_f1": 0.8074821566939139,
  "test_auroc": 0.8992342400000001
}