{
  "val_rmse": 1.0224480914990963,
  "val_mae": 0.819788337886415,
  "test_rmse": 1.0127678771224609,
  "test_mae": 0.818955294983568
}