{
  "val_accuracy": 0.8339597612204289,
  "val_f1": 0.7584559901925155,
  "val_auroc": 0.7428511719262969,
  "test_accuracy": 0.8339414040906579,
  "test_f1": 0.7584301918321475,
  "test_auroc": 0.7525738363255287
}