{
  "val_accuracy": 0.8443510944063675,
  "val_f1": 0.8144674797632498,
  "val_auroc": 0.8571540526381932,
  "test_accuracy": 0.8455500276395799,
  "test_f1": 0.8158482618502141,
  "test_auroc": 0.8551847790378218
}