{
  "val_accuracy": 0.8381605129338935,
  "val_f1": 0.8106390516285933,
  "val_auroc": 0.8026517841887734,
  "test_accuracy": 0.8385848535102266,
  "test_f1": 0.8102755756722397,
  "test_auroc": 0.805355553150839
}