{
  "val_rmse": 0.4834985507631425,
  "val_mae": 0.36465667993924333,
  "test_rmse": 0.486895431323537,
  "test_mae": 0.3646254531307118
}