{
  "val_rmse": 0.4647241008167991,
  "val_mae": 0.34766769190269015,
  "test_rmse": 0.4609295583735101,
  "test_mae": 0.34435686646631947
}