{
  "val_accuracy": 0.8458987397744859,
  "val_f1": 0.833684363059038,
  "val_auroc": 0.8638406126578491,
  "test_accuracy": 0.8515201768933113,
  "test_f1": 0.8412044460744765,
  "test_auroc": 0.8638797128156317
}