{
  "val_accuracy": 0.8357284987839929,
  "val_f1": 0.8034563040608256,
  "val_auroc": 0.8224834190679658,
  "test_accuracy": 0.8415699281370923,
  "test_f1": 0.8074552444292401,
  "test_auroc": 0.8244764636589543
}