{
  "val_rmse": 0.4894356373257098,
  "val_mae": 0.36816693695221503,
  "test_rmse": 0.48678438734450563,
  "test_mae": 0.3640627943668125
}