{
  "seed": 43,
  "val_metrics": {
    "accuracy": 0.8864,
    "f1": 0.8863997091832556,
    "auroc": 0.9529958399999999
  },
  "imdb_test_metrics": {
    "accuracy": 0.87856,
    "f1": 0.8785592041256002,
    "auroc": 0.9495616768
  },
  "amazon_metrics": {
    "accuracy": 0.8035,
    "f1": 0.8033402631287263,
    "auroc": 0.891696
  }
}