{
  "val_accuracy": 0.8441300022109219,
  "val_f1": 0.8023169365686195,
  "val_auroc": 0.8343844827610553,
  "test_accuracy": 0.845771144278607,
  "test_f1": 0.8032113346549828,
  "test_auroc": 0.8272273585283699
}