{
  "svm_rbf_imdb_test": {
    "accuracy_mean": 0.8779333333333333,
    "accuracy_std": 0.00046685710400031107,
    "f1_mean": 0.877931567525131,
    "f1_std": 0.0004673753298096948,
    "auroc_mean": 0.9497002986666666,
    "auroc_std": 0.00017548367728847326
  },
  "svm_rbf_amazon": {
    "accuracy_mean": 0.8031666666666667,
    "accuracy_std": 0.002867441755680878,
    "f1_mean": 0.8029531215965714,
    "f1_std": 0.0028078680498707913,
    "auroc_mean": 0.8912368333333333,
    "auroc_std": 0.0008826675793046538
  }
}