{
  "val_accuracy": 0.8478885695334955,
  "val_f1": 0.8076900071981155,
  "val_auroc": 0.8320966177299126,
  "test_accuracy": 0.846987285793256,
  "test_f1": 0.8043223640423451,
  "test_auroc": 0.8352106599482099
}