{
  "val_accuracy": 0.8708,
  "val_f1": 0.8707994831979329,
  "val_auroc": 0.94267456,
  "test_accuracy": 0.874,
  "test_f1": 0.8739975605927731,
  "test_auroc": 0.94457648
}