{
  "val_accuracy": 0.8772,
  "val_f1": 0.8771811153682991,
  "val_auroc": 0.94951488,
  "test_accuracy": 0.8846,
  "test_f1": 0.8845986659605783,
  "test_auroc": 0.94842144
}