{
  "val_accuracy": 0.8346230378067654,
  "val_f1": 0.7617083531795235,
  "val_auroc": 0.8281698986010876,
  "test_accuracy": 0.8349364289662797,
  "test_f1": 0.7626701013318665,
  "test_auroc": 0.8366119026767616
}