{
  "val_rmse": 0.464981795990559,
  "val_mae": 0.35089862481556194,
  "test_rmse": 0.46279710790876666,
  "test_mae": 0.3454277590019015
}