{
  "val_accuracy": 0.8346230378067654,
  "val_f1": 0.7608845922592082,
  "val_auroc": 0.7841393518433535,
  "test_accuracy": 0.8339414040906579,
  "test_f1": 0.7603146473338679,
  "test_auroc": 0.7642816339449651
}