{
  "val_rmse": 0.48582340840657484,
  "val_mae": 0.3627097526957699,
  "test_rmse": 0.48654623834597455,
  "test_mae": 0.36746245251365617
}