{
  "val_accuracy": 0.8425823568428035,
  "val_f1": 0.7852943828407619,
  "val_auroc": 0.8245158805579834,
  "test_accuracy": 0.8402432283029297,
  "test_f1": 0.7823521567638253,
  "test_auroc": 0.8255196173981998
}