{
  "val_rmse": 0.45234120497270286,
  "val_mae": 0.340245045536645,
  "test_rmse": 0.44904902997108076,
  "test_mae": 0.33394393534384537
}