{
  "val_accuracy": 0.8492,
  "val_f1": 0.8491980456066711,
  "val_auroc": 0.9263494400000001,
  "test_accuracy": 0.8418,
  "test_f1": 0.8417835391594141,
  "test_auroc": 0.9236753600000001
}