{
  "val_accuracy": 0.8368339597612204,
  "val_f1": 0.7718244087373562,
  "val_auroc": 0.6828932932124434,
  "test_accuracy": 0.8379215035931454,
  "test_f1": 0.772059111847399,
  "test_auroc": 0.6811820837937062
}