{
  "val_accuracy": 0.8172,
  "val_f1": 0.8171817181718172,
  "val_auroc": 0.89787616,
  "test_accuracy": 0.8204,
  "test_f1": 0.8202964907786885,
  "test_auroc": 0.9016212800000001
}