{
  "val_accuracy": 0.8748,
  "val_f1": 0.8747045549417726,
  "val_auroc": 0.9463712,
  "test_accuracy": 0.873,
  "test_f1": 0.8729396158230236,
  "test_auroc": 0.94504664
}