{
  "val_rmse": 0.4870073612697858,
  "val_mae": 0.36446495090172626,
  "test_rmse": 0.4785771700048724,
  "test_mae": 0.36135835478706624
}