{
  "val_accuracy": 0.8421401724519124,
  "val_f1": 0.8310799112184263,
  "val_auroc": 0.8485208128292712,
  "test_accuracy": 0.83681592039801,
  "test_f1": 0.8270655660523534,
  "test_auroc": 0.8523384702671396
}