{
  "val_accuracy": 0.8357284987839929,
  "val_f1": 0.7810121939648484,
  "val_auroc": 0.7995542881672087,
  "test_accuracy": 0.8389165284687673,
  "test_f1": 0.7854936238482692,
  "test_auroc": 0.8006972629008684
}