{
  "val_accuracy": 0.8523104134424054,
  "val_f1": 0.8168926276792092,
  "val_auroc": 0.8665739777151142,
  "test_accuracy": 0.8532891100055279,
  "test_f1": 0.8207872096992737,
  "test_auroc": 0.8674521734509981
}