{
  "val_rmse": 0.5102588357732776,
  "val_mae": 0.38285217211918476,
  "test_rmse": 0.511416917354499,
  "test_mae": 0.3882754948787451
}