{
  "val_rmse": 0.5796765379622147,
  "val_mae": 0.4273131691889892,
  "test_rmse": 0.5737597023278835,
  "test_mae": 0.4218956808262262
}