{
  "val_accuracy": 0.8562900729604245,
  "val_f1": 0.845881784111955,
  "val_auroc": 0.8800960684446189,
  "test_accuracy": 0.8506357103372029,
  "test_f1": 0.8372673491495155,
  "test_auroc": 0.8788439842373763
}