{
  "val_rmse": 0.4877062760126648,
  "val_mae": 0.36422504442567716,
  "test_rmse": 0.4885587319454113,
  "test_mae": 0.3693710415016476
}