{
  "val_accuracy": 0.8485518461198319,
  "val_f1": 0.8093620414360446,
  "val_auroc": 0.812922113039807,
  "test_accuracy": 0.8467661691542289,
  "test_f1": 0.8052911058581713,
  "test_auroc": 0.8168200056030291
}