{
  "val_rmse": 0.46934606617656227,
  "val_mae": 0.3539439021141527,
  "test_rmse": 0.47434315867310883,
  "test_mae": 0.35534967953741964
}