{
  "val_accuracy": 0.8276,
  "val_f1": 0.8274904495350728,
  "val_auroc": 0.9030486399999998,
  "test_accuracy": 0.8144,
  "test_f1": 0.8142543754303374,
  "test_auroc": 0.9004524799999999
}