{
  "val_accuracy": 0.8474463851426045,
  "val_f1": 0.8365181341017973,
  "val_auroc": 0.8593628431797546,
  "test_accuracy": 0.8479823106688779,
  "test_f1": 0.8376572887229313,
  "test_auroc": 0.856572737962358
}