{
  "val_accuracy": 0.8784,
  "val_f1": 0.878393695929197,
  "val_auroc": 0.94665664,
  "test_accuracy": 0.8644,
  "test_f1": 0.8643921672915829,
  "test_auroc": 0.9408252800000001
}