{
  "val_rmse": 0.4672672766265195,
  "val_mae": 0.3487446403000043,
  "test_rmse": 0.46688904634106365,
  "test_mae": 0.35112509606555503
}