{
  "val_rmse": 0.4888458977909972,
  "val_mae": 0.36763986584326563,
  "test_rmse": 0.48524234429361635,
  "test_mae": 0.3620232866065923
}