{
  "val_accuracy": 0.8884,
  "val_f1": 0.8883605421500175,
  "val_auroc": 0.95489152,
  "test_accuracy": 0.8734,
  "test_f1": 0.8733772636214558,
  "test_auroc": 0.9466248
}