{
  "val_accuracy": 0.858279902719434,
  "val_f1": 0.8340965720167386,
  "val_auroc": 0.8697599030207868,
  "test_accuracy": 0.8531785516860144,
  "test_f1": 0.8266312265083898,
  "test_auroc": 0.8707503963516408
}