{
  "val_accuracy": 0.8531947822241874,
  "val_f1": 0.8300830127004092,
  "val_auroc": 0.8695247976187283,
  "test_accuracy": 0.8532891100055279,
  "test_f1": 0.8276900625911021,
  "test_auroc": 0.8686038483665686
}