{
  "val_accuracy": 0.8386026973247844,
  "val_f1": 0.7865195120794519,
  "val_auroc": 0.8344474952449403,
  "test_accuracy": 0.8401326699834163,
  "test_f1": 0.7854920325451794,
  "test_auroc": 0.83391224533712
}