{
  "val_accuracy": 0.8474463851426045,
  "val_f1": 0.7998970796256981,
  "val_auroc": 0.8465730740066619,
  "test_accuracy": 0.8455500276395799,
  "test_f1": 0.7983112256259585,
  "test_auroc": 0.8479097117935288
}