{
  "val_rmse": 0.44391186407828465,
  "val_mae": 0.3333792224409946,
  "test_rmse": 0.4505080990770793,
  "test_mae": 0.33958079264191315
}