{
  "val_accuracy": 0.858279902719434,
  "val_f1": 0.8340965720167386,
  "val_auroc": 0.8698781617440442,
  "test_accuracy": 0.8531785516860144,
  "test_f1": 0.826541683838395,
  "test_auroc": 0.8708092687588055
}