{
  "val_rmse": 0.45833611901995797,
  "val_mae": 0.34605172918901156,
  "test_rmse": 0.45638802280029,
  "test_mae": 0.3445614113730603
}