{
  "val_rmse": 0.709062695340231,
  "val_mae": 0.5061106335681025,
  "test_rmse": 0.7249334894880023,
  "test_mae": 0.5203892749546458
}