{
  "val_accuracy": 0.8492151227061685,
  "val_f1": 0.8263140669411396,
  "val_auroc": 0.8637733640405936,
  "test_accuracy": 0.8519624101713654,
  "test_f1": 0.8292751397225689,
  "test_auroc": 0.85936997168299
}