{
  "val_rmse": 0.4976302583381907,
  "val_mae": 0.3745681873146453,
  "test_rmse": 0.5015561129532365,
  "test_mae": 0.3765235556691627
}