{
  "val_accuracy": 0.8434667256245855,
  "val_f1": 0.794959459042502,
  "val_auroc": 0.8116726302010893,
  "test_accuracy": 0.8420121614151465,
  "test_f1": 0.7912502334327224,
  "test_auroc": 0.8181100350886608
}