{
  "val_accuracy": 0.8708,
  "val_f1": 0.8707908830047049,
  "val_auroc": 0.94550336,
  "test_accuracy": 0.8584,
  "test_f1": 0.8583880139615018,
  "test_auroc": 0.9366260800000001
}