{
  "val_accuracy": 0.8585009949148795,
  "val_f1": 0.8293172356203379,
  "val_auroc": 0.8731562229505234,
  "test_accuracy": 0.8548369264787176,
  "test_f1": 0.8256143332665103,
  "test_auroc": 0.8694571452125436
}