{
  "val_accuracy": 0.8441300022109219,
  "val_f1": 0.7907021553674419,
  "val_auroc": 0.7552418620347843,
  "test_accuracy": 0.8401326699834163,
  "test_f1": 0.785335425130058,
  "test_auroc": 0.7493657314574426
}