{
  "val_rmse": 0.5402339184307192,
  "val_mae": 0.406777679607583,
  "test_rmse": 0.5338153376007402,
  "test_mae": 0.40155577803867937
}