{
  "val_accuracy": 0.8148,
  "val_f1": 0.8147869313658772,
  "val_auroc": 0.8988854399999999,
  "test_accuracy": 0.8242,
  "test_f1": 0.8241999929679998,
  "test_auroc": 0.90238024
}