{
  "val_accuracy": 0.8748,
  "val_f1": 0.8747911652646211,
  "val_auroc": 0.94540928,
  "test_accuracy": 0.8704,
  "test_f1": 0.8703998133757311,
  "test_auroc": 0.9428339199999999
}