{
  "val_accuracy": 0.8316,
  "val_f1": 0.8312909520175439,
  "val_auroc": 0.9154118400000001,
  "test_accuracy": 0.8312,
  "test_f1": 0.8309559003200622,
  "test_auroc": 0.9136026400000001
}