{
  "val_rmse": 0.4426306541290418,
  "val_mae": 0.3280622465017242,
  "test_rmse": 0.44047488225357767,
  "test_mae": 0.326810332007617
}