{
  "val_accuracy": 0.8704,
  "val_f1": 0.8703992534997002,
  "val_auroc": 0.9485312,
  "test_accuracy": 0.8636,
  "test_f1": 0.8635936925723446,
  "test_auroc": 0.9362476799999999
}