{
  "val_rmse": 0.4314973242230137,
  "val_mae": 0.3170741155086675,
  "test_rmse": 0.4280882370017076,
  "test_mae": 0.31674180422610637
}