{
  "val_accuracy": 0.81,
  "val_f1": 0.8094768692083977,
  "val_auroc": 0.8961619200000001,
  "test_accuracy": 0.8184,
  "test_f1": 0.8180667273538358,
  "test_auroc": 0.90110464
}