{
  "val_rmse": 0.48305320176806754,
  "val_mae": 0.36223085580202075,
  "test_rmse": 0.4839282539472244,
  "test_mae": 0.3612160133307637
}