{
  "val_accuracy": 0.840592527083794,
  "val_f1": 0.793030892700331,
  "val_auroc": 0.8478172616786668,
  "test_accuracy": 0.8443338861249309,
  "test_f1": 0.7956742157861394,
  "test_auroc": 0.8463207305191911
}