{
  "val_accuracy": 0.8244,
  "val_f1": 0.8243572555817184,
  "val_auroc": 0.9036179200000001,
  "test_accuracy": 0.8176,
  "test_f1": 0.8175210523080705,
  "test_auroc": 0.89977584
}