{
  "val_rmse": 0.4938839673964192,
  "val_mae": 0.3691312329571911,
  "test_rmse": 0.49486634527382645,
  "test_mae": 0.3746758904244099
}