{
  "val_accuracy": 0.835286314393102,
  "val_f1": 0.7785031759096191,
  "val_auroc": 0.7924905357720282,
  "test_accuracy": 0.8391376451077943,
  "test_f1": 0.7834446872119274,
  "test_auroc": 0.7867899586092554
}