{
  "val_rmse": 1.1160963857932051,
  "val_mae": 0.903809461459947,
  "test_rmse": 1.1133625511104328,
  "test_mae": 0.8968951085707774
}