{
  "val_accuracy": 0.8356,
  "val_f1": 0.8354672945010527,
  "val_auroc": 0.9188393600000001,
  "test_accuracy": 0.8388,
  "test_f1": 0.838760760818753,
  "test_auroc": 0.9157408
}