{
  "val_accuracy": 0.8423612646473579,
  "val_f1": 0.7927977168154554,
  "val_auroc": 0.8497579402789917,
  "test_accuracy": 0.8440022111663903,
  "test_f1": 0.7935895169662103,
  "test_auroc": 0.8575297014383403
}