{
  "val_rmse": 0.410893033152472,
  "val_mae": 0.29884237898903454,
  "test_rmse": 0.4068624719737663,
  "test_mae": 0.2966318021474689
}