{
  "val_accuracy": 0.8401503426929029,
  "val_f1": 0.7769989517962286,
  "val_auroc": 0.8732153523121522,
  "test_accuracy": 0.83681592039801,
  "test_f1": 0.7718000264810545,
  "test_auroc": 0.8719526026811572
}