{
  "linear_svm_imdb_test": {
    "accuracy_mean": 0.8616133333333335,
    "accuracy_std": 0.0003086889840744238,
    "f1_mean": 0.8616128862893743,
    "f1_std": 0.00030862321804777016,
    "auroc_mean": 0.9386049536,
    "auroc_std": 0.0004590881116332877
  },
  "linear_svm_amazon": {
    "accuracy_mean": 0.786,
    "accuracy_std": 0.004546060565661956,
    "f1_mean": 0.7859870300867149,
    "f1_std": 0.0045557268395773065,
    "auroc_mean": 0.8707226666666666,
    "auroc_std": 0.0006150416426732812
  },
  "random_forest_imdb_test": {
    "accuracy_mean": 0.8171866666666667,
    "accuracy_std": 0.000441008944227754,
    "f1_mean": 0.8164969521469451,
    "f1_std": 0.00043416691684988203,
    "auroc_mean": 0.9045060511999999,
    "auroc_std": 0.0005971340759983732
  },
  "random_forest_amazon": {
    "accuracy_mean": 0.6638333333333334,
    "accuracy_std": 0.0031710495984067695,
    "f1_mean": 0.6319060336914225,
    "f1_std": 0.0036871967062623127,
    "auroc_mean": 0.8326803333333332,
    "auroc_std": 0.00222311539411598
  },
  "xgboost_imdb_test": {
    "accuracy_mean": 0.84976,
    "accuracy_std": 0.0012172099243762217,
    "f1_mean": 0.8497043700290622,
    "f1_std": 0.001213945749769712,
    "auroc_mean": 0.9290642421333334,
    "auroc_std": 0.00030636725324695746
  },
  "xgboost_amazon": {
    "accuracy_mean": 0.7555,
    "accuracy_std": 0.004966554808583732,
    "f1_mean": 0.7492020832451712,
    "f1_std": 0.005656223885122978,
    "auroc_mean": 0.8683836666666666,
    "auroc_std": 0.0003701477933053819
  }
}