{
  "val_accuracy": 0.852973690028742,
  "val_f1": 0.831205173210059,
  "val_auroc": 0.8658294772752626,
  "test_accuracy": 0.853510226644555,
  "test_f1": 0.8313825522828818,
  "test_auroc": 0.8629802536473972
}