{
  "val_accuracy": 0.8390448817156755,
  "val_f1": 0.7784408497058138,
  "val_auroc": 0.7336933576016708,
  "test_accuracy": 0.8380320619126589,
  "test_f1": 0.7755627164076337,
  "test_auroc": 0.7327980916513631
}