{
  "val_accuracy": 0.8439089100154764,
  "val_f1": 0.7899442508050928,
  "val_auroc": 0.7555779286155045,
  "test_accuracy": 0.8399115533443892,
  "test_f1": 0.7848813006273867,
  "test_auroc": 0.74970541730298
}