{
  "val_accuracy": 0.8408136192792395,
  "val_f1": 0.7894439023249389,
  "val_auroc": 0.8657696418914055,
  "test_accuracy": 0.8416804864566059,
  "test_f1": 0.78879579520596,
  "test_auroc": 0.8684519451990567
}