{
  "val_accuracy": 0.8350652221976564,
  "val_f1": 0.7667069785363451,
  "val_auroc": 0.6382702172995214,
  "test_accuracy": 0.8363736871199557,
  "test_f1": 0.7674040389273196,
  "test_auroc": 0.6429164313682776
}