{
  "val_accuracy": 0.8350652221976564,
  "val_f1": 0.7667069785363451,
  "val_auroc": 0.6378190690955714,
  "test_accuracy": 0.8362631288004422,
  "test_f1": 0.7673438735346094,
  "test_auroc": 0.6432800810197301
}