{
  "val_accuracy": 0.8412558036701304,
  "val_f1": 0.7917769611177554,
  "val_auroc": 0.8166733856448737,
  "test_accuracy": 0.8420121614151465,
  "test_f1": 0.7903642660260041,
  "test_auroc": 0.8071657252083174
}