{
  "seed": 43,
  "val_metrics": {
    "accuracy": 0.8468,
    "f1": 0.8467911506568621,
    "auroc": 0.9200588799999999
  },
  "imdb_test_metrics": {
    "accuracy": 0.85148,
    "f1": 0.8514193731610247,
    "auroc": 0.9291667616000001
  },
  "amazon_metrics": {
    "accuracy": 0.7585,
    "f1": 0.7525157694338529,
    "auroc": 0.8684999999999998
  }
}