{
  "val_rmse": 0.7869762903212931,
  "val_mae": 0.5653436321375548,
  "test_rmse": 0.8245791207224618,
  "test_mae": 0.5838541575365217
}